id,pm2_5
id_ihxgrbq8bw,16.799289424929675
id_dg6s4fhiwe,19.318560458522402
id_f7hwwtmuzp,20.053613697517093
id_ioese5awdg,22.363868208451475
id_hdw320zpls,30.162911339880722
id_wnxl0jyxdm,22.037274102492876
id_irr46cfvrz,26.198704474841374
id_l3lg8y1tar,27.15689450490413
id_9bzncgu7ap,12.451625354626012
id_tq8gz80e59,21.936694829592685
id_gouch6j71l,31.452629157470312
id_gvg6pup3v5,24.188057405012056
id_xsyh8m7o0c,24.529158850526436
id_hsr9nym75x,14.487719406164947
id_kk2mprzws5,15.773189371877917
id_zztb716ruj,31.045176417638757
id_nc37c47azq,16.648428378459084
id_aq2zwrpazm,18.34851361096329
id_1if5noe1b4,24.750389594187975
id_9ch9qgghhp,22.526658626848683
id_i8ez1ppqtt,27.5375261201648
id_1gzede3sx1,14.199576763488965
id_c0cjjirgpf,22.21355715691599
id_y3cgdjsgq1,16.225690880414067
id_hqfk9eb7i3,30.071044921584196
id_heuv8vkjh4,28.219569431828926
id_fcoot945yi,22.28817578731238
id_h4j7gdpygc,32.38958245165158
id_0z5dftxu4p,21.48465473106296
id_0l3lpe7b09,17.67959082179509
id_q51pjcyt8q,25.219150776487734
id_5y5tak334a,27.03290852195667
id_ffpap9n3bi,27.89186764651752
id_wlrkf9c15k,34.02862046366016
id_i2rh9ih3f4,37.9025415308777
id_uqm3krxam7,44.532462462661755
id_3iwa156mvm,20.807979199645857
id_1lz3s1bdxs,31.224753699632046
id_jmqt01idjp,30.425309970444687
id_8gb7nw0rmx,26.423892684863755
id_4xwo0p10w6,29.206841002528954
id_m5bwlzsq1q,24.404050089992154
id_z4d44hh4z0,56.213193853538336
id_pmh6yxhfva,40.18950313071804
id_35d6qsok4a,25.257797635163616
id_77htjr9yc8,31.697976915350704
id_t8vdruehat,50.49413378413631
id_jckj5zjs3u,51.199191057892484
id_iaz7r7qv9z,54.94095931467288
id_uifln55ls5,57.998642341964626
id_d32frejzqm,51.59589510707124
id_exdub9ncvr,59.34673777515907
id_mxkrqowab2,56.98984382674518
id_y8ho5r6i9n,62.182739643698156
id_fiygo06opn,69.26152278523708
id_o3dfdr4sk8,59.44688878222436
id_akv54mqumg,73.25072211286623
id_h24kmkoube,14.804432604862063
id_x3hkwvtuum,13.724633439235323
id_w5yebgnpv0,12.563024531836943
id_0sqrmgfxq8,11.730006855014192
id_af7sxbklj4,14.916333200541786
id_hv5isckfyd,15.495152955325786
id_ghg0lmyh5v,18.78065914657727
id_wpckthcmjz,11.669017939702455
id_u8j139024n,11.35674286986073
id_1jadvwi51a,13.458949611651901
id_1gm8yzoyli,12.32254332207394
id_qsbblt5w3q,13.702494353003736
id_51h39wnp4b,12.764345738960165
id_ny5f2xtwmp,12.996687558131766
id_3dhao9xr06,9.834714287381875
id_wwcepeo72q,11.10031543190327
id_aekpxa9j8r,19.22113634905726
id_hlshs2v7p0,9.928366053740575
id_csaw4okqxs,14.345690041474892
id_a57xn6b266,17.476308751421243
id_v6zbdry3ae,15.3870107001248
id_mjgt3wrumc,17.656549897042215
id_rb71ryy76k,21.495332818296472
id_rzzwlgdruk,12.646306927861367
id_bg7hzhz9s5,17.667402556304253
id_9f0xa0vpm0,21.131218915157703
id_x19qug1u9n,21.0101887000744
id_neebsy7lt3,18.73513549553417
id_k5jc67rf2q,13.779473510575942
id_6vw340icrq,13.748864137391617
id_rpzdo2jabq,17.72017330581365
id_3m8w0ho783,21.73647391928486
id_2ziuzg6bnw,15.029894672126375
id_4hps6472o7,14.498556278732263
id_9cb9qenzw7,16.66180404151649
id_6rvd06xnhq,23.64075662200127
id_22gpyw7j4j,20.58827080073689
id_970drtediu,25.088148167660993
id_oec1w7ootb,26.965520896235745
id_7onpirv1s3,23.762840636750752
id_8rt8qfy8h4,14.333831408657705
id_e69vc06bss,29.76598891297788
id_7dv4xh47cy,20.362646246283553
id_vfx2x5hc15,21.65785993279689
id_ljvpa6cdtz,16.030546500384535
id_faa2v5ox7q,16.513758974692198
id_t6xdbl4ne4,18.694997291708933
id_r2fdbsyh1n,18.59320612387032
id_jhwi52u0q3,23.861323627777793
id_55pa9g9m9g,18.489165991198593
id_u347bmckbj,16.80279819975502
id_3ygrfqgttc,21.60659241433021
id_z7heeojpzb,27.464454611905563
id_utgueavnmx,20.767500970910238
id_h2tqqtxe1w,20.3492615314533
id_mrdqqwst7r,17.98303884457152
id_5053tusxc6,14.135068708743825
id_h6t5tbsidc,28.530280220362016
id_4fs05d28s6,17.394337832428366
id_qye7jwpbs8,21.378986440657282
id_um00ew0g1b,16.62365926784389
id_fzvy60mdma,14.015712186146148
id_l7u41q4cr9,16.41283607754616
id_26og4v2wx5,19.136883053142032
id_b0a1xu6nu0,18.14645632115853
id_xumsw5m3ip,15.468481163342789
id_3ftig6nrpk,14.659046033906526
id_0ejl66y98y,19.683507032342117
id_ph0mqd3qdu,20.117928107392856
id_1j21vhuakg,20.70847033664708
id_9b866t3kcl,20.850073875421312
id_gm3rhu9jak,15.61171955176975
id_vldjdgbudl,23.849036855324304
id_sg9gnw6j9a,21.19398840118924
id_jy6wca6oh6,20.511039285175
id_lgnofy6syn,19.20143450225614
id_g1j9pxh5yp,14.485985288552065
id_xoh80ei36j,17.273317424971296
id_g4idr9b72i,23.60082335538855
id_b7cn1tm7jw,22.955336555402297
id_3kkfl60mdt,16.40409598073438
id_3cnzembvt2,19.302564802765836
id_qh3hmxe3vl,17.128162779790284
id_dm2ngicucl,14.685031464589276
id_0pj7rbu5pl,17.732311151379474
id_0b7len9grt,13.558877274115476
id_lkjbthp6xi,16.641061507957517
id_msyur8bama,13.943738495498849
id_r6b4lems42,20.263764542650485
id_tdtmvz23p5,18.31677767332648
id_ucg35myewu,19.705505038485754
id_cpu27o1708,16.834543680613077
id_8g3bfwtmtc,18.373491919586147
id_lvwrewueod,16.196560746630322
id_vjr52dclmq,17.624961246360378
id_74lpfoxs1u,19.9252602357733
id_51ipsqq6fi,18.289076366983437
id_rgv5vz1wi7,17.73458165893662
id_xukt8h1854,16.93102703099545
id_pvjuaozpis,19.772310939242114
id_dpstb14com,19.266670061045794
id_hfo34xjax3,17.30855808675736
id_1xcm67i57m,20.642122313790807
id_5w78ao9f51,15.101442614728123
id_wjwp5bnl95,15.074103415430042
id_q29d5fhap5,17.15334131599851
id_stpxgfh6at,17.55556295324439
id_lp5fau1v5t,21.126275315729625
id_7oxqpk7s41,12.232370266666162
id_4dnmn33ra3,12.418497580681159
id_vxnrc9eyhk,10.481389709428377
id_ysrrbwixap,20.432821132511346
id_yhfx1lpevn,8.731277736925895
id_c6a44pvjv8,10.354023064807198
id_s9f3ml14cj,19.49073073447347
id_d0w9c0xp76,29.512928912418964
id_a9fbexs6qf,18.99617336858946
id_9wzfhpw4et,25.63519711628855
id_ryi27ogtvv,17.391919123962122
id_l4fl7gcf91,34.12847149573788
id_tkvbxrgren,11.309010838725222
id_1wkfcd4q6t,27.411470352265972
id_mc88pd2apf,11.480044247598569
id_00iv2sgwb9,25.444212867292983
id_e7lfbanu92,19.529917621898385
id_1mdkr0dgz1,23.759944361761747
id_evzlq1bdq7,23.894643974593183
id_0fzcmep80p,26.388576905613675
id_dwd9xbd5ep,17.74812789558073
id_845jje9evg,12.023559310953491
id_cbrgljomk4,21.23286125515015
id_xadne3g2dw,11.081398494224072
id_fdlsm6mg2z,28.50510606313057
id_r1w2mcb346,25.839982028434154
id_1c24ja9jag,13.25957940464948
id_h1v0nwz453,29.462568795413485
id_igvjbr17my,21.27857078345986
id_isnin8oj7j,26.52778334776784
id_lts441t4ge,25.82020460109939
id_7k86unkgbf,8.332146779192879
id_xs2ivx2taa,14.075613058653216
id_t8pxhu1lko,24.460452582705074
id_cncxlihk4l,31.132137980856637
id_u3n972yugw,15.34154110939048
id_5dtltk9ol8,21.25561687816783
id_2d4xbl322n,31.121572562278633
id_6ayd3hz9lc,17.615056307146528
id_fhedgc4ogi,26.810146661280776
id_je6xyskvqt,36.21354730646437
id_uqplr7i3e8,25.15286030050795
id_p2mep9skjf,23.151674402682254
id_klmztpbnj0,46.619573828103995
id_w8masqptnv,35.46814840050309
id_uqe5p1fz8i,27.57607484208458
id_vdcliffox0,15.027658583231153
id_suphbrot9x,28.795210065623614
id_qsl9hh9hbt,19.139480794282985
id_yorywxet0a,26.21913012363841
id_9rhbkh8kye,14.385260665370915
id_oh2pg7ik9m,13.421204026843105
id_u5xtrnbshq,21.55188575444425
id_pfcdhqpggy,31.971324054660872
id_rsbolu1d8s,21.668518392532253
id_1o41vsdb40,23.84445609718029
id_bthds7exkp,28.86647864488002
id_u2lx4hcr19,15.55168986277583
id_vt2seycroc,24.83062412362335
id_ev3xsimi3e,33.26225098834446
id_8wsnxwqlaw,23.002925714971877
id_jhks2agjzh,23.418796735376173
id_abc042gxa9,19.642756594344707
id_t39ajz3mpo,21.663380321029027
id_7l7bqpd71y,29.390665082997018
id_k9uhbcg8zv,14.969068377741163
id_kf067ifyeu,17.544538116872253
id_6axl9l8y0y,14.562286075211208
id_fknkdrl6fy,19.217085655208226
id_8gmporna5z,31.549599640919595
id_a4bmoty06e,15.207048973767968
id_czo0d13gtz,21.890344288304576
id_co7jt5xego,27.322934383945775
id_2x6lo1wgko,19.210543702592147
id_9wjap2et51,27.95722410985187
id_c7mps6h2ft,26.173271741694865
id_j8yje9gqi8,22.553209633116467
id_vju59tgxzh,19.637727913899955
id_8lap7ve7md,17.372064744371542
id_pvs9bs83s2,30.6696574399307
id_qdivis4t0b,26.364889251766396
id_6ihg5rmjar,43.44383544393354
id_enahmr353n,27.61373503829092
id_m5la6rz5vl,32.8083924499883
id_lyc6fznfhn,21.721972693303833
id_u15ftwfcl7,26.13989671351392
id_mjaugtu77u,32.98902417719842
id_h1bl0y44h5,33.45967727780451
id_ixfnpr6f21,36.19160839837813
id_37e3n0alew,27.442925632870416
id_mj9599i7yu,63.34861529034854
id_aq1df4iqdu,39.62005963187746
id_2e5mcgpio6,25.87390804365309
id_o99bic4pl9,38.01205381920062
id_wee03f0g34,46.975642717847805
id_ebyp7dsb2j,57.28808058607534
id_xrw2te1q07,52.877994111756024
id_e1pr3nswl9,55.44302766360022
id_20jn6yzhpi,53.221368604054696
id_ef9regkoel,74.07453790171256
id_ja9p3oi1ln,56.05140115144887
id_u4t0meqqix,58.036645681612214
id_ha9378tgsl,68.75286807529541
id_sm9fmjwje3,51.333085868777765
id_pq1s2kq7qs,76.8604614804008
id_zcw88t7w9n,17.982553158085743
id_9gqyxg4fuy,20.7954807809965
id_jlbv1pe7mw,21.55188575444425
id_nqkrnumlsr,32.61435855627099
id_vwov477zro,21.385914604293138
id_k8t4robso6,20.29570393181061
id_9574e2s4iv,27.43106561215203
id_g6sz61x3ui,25.843892282353192
id_65fdu115yz,23.950692248177468
id_jvvhzyikro,18.081284155847417
id_mjtm49jd0e,28.9013886156818
id_qisen8bs9m,13.516525984573763
id_4qcwh32n38,18.41966595583573
id_a1jgk8addq,15.873428570851887
id_eoh9eceljc,18.316588535744064
id_c9l6rfivhx,32.813577305154865
id_ity62l2ixr,19.414405126276467
id_b1kdt1v6wk,21.890344288304576
id_31slek226d,25.626696337898153
id_r5hynclox4,19.879810612194333
id_1zdag4te8b,30.394451052716654
id_9cji7mh5kx,26.601032808434717
id_pgt8lf7tci,22.87054705147722
id_9xwjmedzm3,23.506964271278317
id_qmng1j2b5t,17.66357801399866
id_lsjhv6dlig,28.701230824724945
id_5ei28dib31,18.918232419900033
id_djt23iw3mp,54.558022238218385
id_m9oojav91p,25.77365093460673
id_oivxgblcp2,21.721972693303833
id_0kdvltw7vu,28.92355894225493
id_6w4ajmwc5u,26.221110596832915
id_urkooowq9s,24.48841022026103
id_zj9z4qj012,67.05236600501452
id_8ziogga8ul,40.118301563896054
id_3p9o92k0y8,34.291429566537445
id_nys5746v2q,21.971144905470165
id_lfeylugwfg,39.669763411350374
id_doohdtcpi0,59.38723276263845
id_gvsxbrs2ay,52.877994111756024
id_tazjayaiyz,54.7906189054391
id_zrpmkxoezw,51.89532597747775
id_sqmq0975df,74.25920449810482
id_6lcd3eygj3,53.00081359196191
id_7rpimassqp,51.76785159982428
id_63ls321ztz,61.00115875535931
id_tkciymn5hs,50.72447874632378
id_kasmldlvq9,70.7767727135
id_vlpyl2jer5,41.17277716106725
id_5qffgu5u3n,33.02955627554721
id_j988bph6z4,64.28743902941876
id_ws4odrtze8,35.87003059173059
id_wtahd5vwwm,37.71341605409449
id_07q159o6c5,44.63519397791788
id_zuwn8cdmpg,46.87672604957074
id_h18pxnwgaz,37.51942960770752
id_crcf47qz6r,19.681969238158803
id_s0472tpnvf,28.461032939883808
id_4x8344brzc,23.420500406100125
id_f3th0516p2,19.234306313398164
id_rq698snr9f,16.92539578419221
id_bqumy9109l,17.40948040380577
id_sa87ndj19i,31.32510596464802
id_l50a8gf4z2,17.84342902523579
id_d22097x7wg,16.218284342120608
id_o0l24mamhf,13.761008784874795
id_u0tbd0ho1d,15.80741128988525
id_jh9oqt4r06,18.28377212423408
id_s5qjht01ct,13.525854361501446
id_9jvayvxhsb,15.551891002568821
id_2ktyalo4fo,14.680426858959606
id_yytme869mp,23.889407647348655
id_qjy6t0mvby,21.300071697451706
id_vqx1ryf2ik,19.06775759930068
id_xlf2632glg,18.91033532628081
id_9ryn26zoyf,17.532796917004422
id_0bhupilpq3,28.56768280653424
id_3oog4p81et,19.538864515810097
id_7pwsq2822m,19.119682084173807
id_xco3eq9ewy,21.91483467553182
id_86pol7d8z8,16.816566553607547
id_4hq1smw4qm,20.135062708574836
id_mwm43tu1lt,19.02008228992574
id_egnnmgvz1t,14.438734436171679
id_ql3nhnzgo7,16.356493225426803
id_6yei7c05s5,19.271821874813835
id_37ncimqtl1,18.716840154955744
id_faigrj26mv,23.904525490751368
id_b8gmnur08k,13.221639104806679
id_uhkuycqlqg,17.977147679058653
id_hda4qbl82l,16.888695216663578
id_l81zesfyi6,17.016726100211248
id_8fw0qddr4t,22.74315047221071
id_3swlrvxi7m,16.62020282451489
id_2iq9tbz4bu,16.187997797301087
id_l3hzf7xam7,15.171517977965138
id_7yfs7z6re5,21.438394558640777
id_3qj7edycff,20.392009919844416
id_zz66kjwki8,15.549290722354955
id_836ugfrmfn,21.712338127939496
id_i7eew37mck,19.762552778861426
id_bxqgoacauj,17.910958192224843
id_0804vchmvm,14.27398541725624
id_o41hevo885,17.44758425930549
id_55ynsd7iob,19.286171004174772
id_xmnors3b2p,20.82498425939808
id_i0vim21vyr,11.927739556115558
id_9q4vgsr3t8,12.204679555761171
id_nzvtf8mk2z,22.324252716587104
id_qxhc5b04ve,9.233550011205024
id_bmoknxippd,11.774588060663591
id_y7pq8dp4ut,28.427828343632438
id_7ibql8i2hn,19.072145016133312
id_tbkdhkji8c,12.08316793843753
id_2xvazzddgt,26.49544006797822
id_vo6tjecx2y,30.389802213341582
id_td1i5lcg9k,19.52664365093594
id_ruc95ajmux,18.361312882064382
id_a0at61dzen,18.58334665998986
id_0zn9uivt40,22.567196024727064
id_qlx50d8vx2,8.764018810773877
id_u6z7b5cbh4,12.601638220889347
id_qruu4eejyy,15.421299702331261
id_9vwonnifzw,19.46713859617065
id_0lnfawjnjk,23.116625031271507
id_31uzu5wcsr,15.593857927441666
id_uzija37zrh,12.716553262805759
id_z6s5np5auh,13.097077263970455
id_p084kqcwjo,20.733495449164074
id_qvm8ttfb1f,15.302397328346842
id_yzoxe0nplf,12.238351451050953
id_n95r9k6tql,16.379199107102192
id_i6gb7eojjd,12.855972193944877
id_rj99alu30y,12.623768344558172
id_qlb79248k0,24.460452582705074
id_5gr1418j07,33.53365750017462
id_mvspb7k941,19.14687769066863
id_w5jw7d4cs6,20.818316689992624
id_ksu34mhpjr,21.96499538864611
id_rwz1uudt8t,17.3436634534539
id_q22kldhur3,30.38984420668303
id_2ax9dk8j9y,22.36297697106294
id_tld5diafyf,26.022042957330473
id_do4asz4s0g,22.121368222645142
id_3alewcubl0,42.241810193665515
id_8zu910kppu,36.57390221342052
id_1s9nyk6u7a,24.281691065373465
id_l88880p40e,25.712788925224494
id_hr17wz72sy,34.690576665820984
id_cjj6ks4lan,23.41848465778789
id_16wvcdazgi,14.804432604862063
id_iq6jofmcl3,29.62555198980148
id_tdu0u91xwk,26.463964468122256
id_62jccue0vl,13.223789871956102
id_3sef84eg2u,12.84164360307279
id_w0f6u87fds,12.982025736813789
id_jwcwkcbb4n,10.896210648815867
id_sipbb762jx,11.246019340427203
id_pw524o2hj4,13.464102689580375
id_qlj4brmgs2,10.143089861256525
id_6fw4q0j9so,11.48160346748817
id_squdps1yn8,13.363167588223245
id_92ijbpy5c7,19.22113634905726
id_5mdgs1tb11,13.350994063737037
id_pq77lq5wej,12.164277832765821
id_46mfsuetx3,14.94311718893078
id_l66xs53vq0,16.321342700932878
id_edk0v1a8wn,17.05607693474004
id_nztzaid365,11.798929254858155
id_1k9uqfcnfq,16.22026017184506
id_5rcti4kobf,12.744155074372175
id_al1l3ahw7b,19.897096892114686
id_3f3rzgujod,19.371583503354444
id_fr4pynhbb8,16.200599702423347
id_rnuqsg891b,13.230688223871974
id_3qw0q1r8qa,18.064388653453943
id_o84bqle0x6,17.855824159510707
id_han5yb04s9,16.21736375555091
id_n7pgevpqei,14.148268781142374
id_j0aw1xyk9t,22.211402031178142
id_xpcbsjawvs,22.508655008514157
id_y8vz7smn74,21.52766664550821
id_xtbriixm7z,19.152463259396207
id_l47atvid60,13.341577783715982
id_gqpbs3ql9v,21.250397130630645
id_mohvibrck6,13.277417414640606
id_m2e2vhsgc5,15.56700285233461
id_6q2dw9x7y4,15.004225336565087
id_r8hora5q1m,19.98179129212617
id_chvslqlmkj,19.173424243000614
id_z8b1es3pzh,20.809947139629116
id_crc6ejtto8,20.53673150153715
id_4hw7jthh0g,14.71910706250032
id_rtp2qosss7,19.28841550971408
id_2keurz29m5,16.809811827028987
id_5f0tzdcdu0,20.802473104972478
id_6g5cbmuktq,19.005507210504806
id_njm4qcclts,18.65012560524835
id_t8gjwi01yc,16.98436526235423
id_dfcidlgn6x,18.849111216882115
id_f7whsdcam5,21.69075367062169
id_hga8rjdes3,14.398938838640317
id_32z89yhhic,20.905524295390087
id_pza69wztdl,14.596372319948657
id_ndfihwmpp8,15.974156482695022
id_v6uj9ttsd9,19.620178598360525
id_qi267vxsvl,11.66345256867232
id_oezislbogz,12.545003243809626
id_yzmptlwk5v,29.010955043102804
id_1wgvveqkxt,16.951241613234846
id_hyunf795m9,9.999846443383209
id_9vmusmwa1w,19.548231615312005
id_7set4vt1jc,25.533833100548577
id_xsuqw4qhef,17.821290748886106
id_5rb2kj08fr,12.713927338026489
id_hub405wg5o,29.6112153978448
id_1dl4uombn1,11.41237366189161
id_0m5pjvhhts,19.71964430476525
id_wh6a14b72u,41.94593224279831
id_2gcokul8h5,39.796287355524846
id_ju5045k8te,33.66346794859619
id_lx8g1rejy7,40.24629202994343
id_xdcw1447i6,39.781172484102875
id_c530clrtlp,39.53534540158012
id_7bmurid7pw,36.527539753548716
id_z2s38nz9hk,42.49305610576658
id_18o8y735s3,9.973439014316801
id_wcox1ibc1u,15.574736144198308
id_8mteyw4ej2,12.797484120454495
id_yhr9822dsa,14.12898554009616
id_kx6r0n5p65,17.53017790487456
id_yll8ps5xps,19.985610239694203
id_2ss6w9mkjs,22.040385073603076
id_dywpbbt1rz,15.896729159312745
id_2sovq337ib,15.286167276097606
id_hl6vkdm5f3,16.995684487011523
id_7rweve2gtx,16.70199303719527
id_qenwsj9ypf,14.226698534410378
id_7tr958twwi,22.630974475449772
id_4pss24du4u,11.660777253397166
id_pvxshz55hm,26.73085842282612
id_hwn7gj0gnq,13.078622361738978
id_34w3aboagp,9.83715064583217
id_slzxbjxpdd,12.62398812144318
id_s9fvyed2xl,15.969327088981146
id_ojo4ns7rvu,25.686889848880064
id_oukj9m9l5u,19.119155822616616
id_4dncovxwgl,15.601705870123004
id_lhn0wnsi4q,17.24924779533196
id_8qzxmyj6yo,19.34499767419264
id_2st0ywh4w4,19.410307583838364
id_32luqy63su,24.121766955527733
id_oew67rrlis,8.863296368879329
id_byzy2benp0,14.215548603014522
id_16qarvdtx3,18.96547686137366
id_uxi3qu4l8e,17.895522680634866
id_vy83bxfo5s,17.43524679821913
id_z7ibc788zq,24.28283719756853
id_kbkbgy18jq,17.232700292625555
id_4zn86s4tbi,15.896729159312745
id_evx591r7y6,15.329978033663236
id_g6ojnnx069,16.995684487011523
id_7zixl3q2bq,16.70199303719527
id_0d9a1agg6b,14.226698534410378
id_3xt09a0de5,22.630974475449772
id_jbhh44km3c,11.538040337014397
id_5k2iegwee6,26.477155284684546
id_gibzm0hke2,13.078622361738978
id_zl5phiqojd,9.811515588379887
id_c15wxxvb75,14.66313814477249
id_dau6fb0sfx,15.969327088981146
id_z9dk6h8cfb,25.686889848880064
id_uvaqu4nzmb,18.179901490500384
id_qpglm1d719,15.696692159784321
id_ct64dm03s8,17.24924779533196
id_is4l5fwjuv,19.119905240356054
id_vh0bwrobbe,20.36067131195956
id_b0mjh0b71o,24.121766955527733
id_0bpne8ucld,11.198889909245406
id_kvvjrrryc4,18.538728663377753
id_n5ybzqzepc,14.782471673504773
id_jaimxbu1pd,16.60322551319019
id_0l0w0orygd,15.823162333472833
id_lv55afmf77,18.009210403940067
id_9mfp6fw6w6,19.390909195611957
id_tafpzgg3t4,20.064965275332046
id_tiipv7kgu2,14.387289054214168
id_kwiv66i7i5,18.533039449861153
id_nl69sct7fu,13.56362041016162
id_l74jt76ryc,19.0193432376764
id_bxgj47nybk,22.47834760336118
id_923xwmt66s,19.06652532906605
id_aq97mswwiv,25.082676184900308
id_4vrb5vlcz7,20.68008950967164
id_xayf6v05hn,16.637349837325964
id_8pk1rf7oxo,20.60424579326738
id_sq8128da6u,19.415488232844947
id_8ihfuq3i8d,16.48449598002126
id_87jd29uf6p,18.894599288931992
id_4xpx2dt8ki,17.14062259282221
id_hqpr9h9axr,15.118463693025728
id_1k55ze4pps,15.895511153411615
id_2znei70wfr,12.931284728207636
id_9hhcbap87f,20.51475691141313
id_hey12d7qim,20.22111467589206
id_lh2vl46a2o,26.010115549080517
id_yr2wo25x72,18.525351614521725
id_t52himkovl,19.26810966899844
id_7tvjar0eff,13.703679723250785
id_i208pdedfj,23.729972793918236
id_d77mj6yxxd,17.183716104564226
id_jh49madd8v,17.70624827389169
id_cz441c0g6w,26.078377100705755
id_l9egn04p70,20.1367289181826
id_aof0geeadz,48.97078889848903
id_l14us4afx1,32.42465304557276
id_cyjw5nlwm3,51.293586909420455
id_gzuqpix1lm,47.618835281941266
id_z09r8zdwpl,8.863296368879329
id_avet97ghyy,15.574736144198308
id_8xxxnyrpzm,13.155061108164805
id_5mzgmww3um,14.567369661757017
id_8vxge8fi9v,17.513397746162408
id_jnw9eiv9ni,24.28283719756853
id_gaui5cuwn7,22.040385073603076
id_bk4agfxg5e,15.896729159312745
id_5si10x4q6c,15.23589406709968
id_e9emj2d53x,16.515812402653804
id_9llllv5i9s,16.70199303719527
id_mndm12zy06,14.226698534410378
id_2pxml96i79,22.630974475449772
id_oi59maxbit,14.188848945331891
id_tf7klyuj5c,26.73085842282612
id_jf1h95hidf,12.3976289524088
id_4njytufcfi,9.83715064583217
id_2zbs60m1hv,12.62398812144318
id_kbe0e397n3,18.110955708460494
id_attl7s5eit,27.123683747251523
id_jyqg51mks7,12.925731036578314
id_yvtlt4qsb5,13.949156446358266
id_ququ54p5qn,17.24924779533196
id_b3olj60ip0,18.74586624498955
id_ucm77r7n42,23.917721066018576
id_i94hu4l2he,24.121766955527733
id_sem18a4eih,12.72111274705961
id_iu4c2k0vqm,19.425898861983164
id_jez7q9vvpv,14.721090418170553
id_0g0h5fvenr,19.076303122102477
id_leyce5nz7b,15.763307515054716
id_ctiuipzphp,18.009210403940067
id_1uq7qu2no8,19.390909195611957
id_ag7p6aauq3,20.064965275332046
id_4v2gdi94ys,14.721273542226266
id_oiz391vhbb,17.47618188650822
id_dkh1dm7jv5,13.56362041016162
id_xp48k28xsx,19.0193432376764
id_8hzzltjopy,20.99439292560176
id_jxwkemji67,19.071415455849298
id_9e6zoef7pb,26.673334393746313
id_kw3reqh73r,20.30740591429197
id_i3soe2f356,19.667700810008995
id_s3sjs08z01,19.646976669878956
id_wgstp1qsjl,19.89548117574337
id_c79996j5ij,16.48449598002126
id_xyptp35mvl,18.638602457576756
id_psuhom729k,17.14062259282221
id_pow9jv5ucp,13.990568539296554
id_6wvbbh34gm,15.011170320355157
id_dt7c3hug70,12.974457277882456
id_j5p89q7hag,21.86172526462858
id_kc953hqc6u,21.873758272271917
id_lc6edh3b2s,26.010115549080517
id_9spkaqz73s,18.69890025588238
id_3htqh6ssl4,20.41386714619855
id_zc1ovm5htd,19.701987772907852
id_w7wwg1utwa,21.415352216647968
id_25epdpbix4,13.90821428817641
id_vs0hncomou,16.95898703080529
id_reegezw0zr,19.674967253484624
id_f6x16pl89y,16.245996643249836
id_9a8jkl3m2r,37.359982219246845
id_hoz5wrgxox,21.133995489272586
id_5ziz8chtiw,22.265684599588518
id_l1g99w61j0,19.790726646999925
id_40onwzmie5,21.42686878844513
id_wplsrqbqg1,15.641451790131748
id_8zk238knxs,15.658118389043793
id_0u52beiaqr,23.51934911582248
id_g8dmi5cj2u,17.381214632814217
id_qvb2pi3nbx,17.079660987411096
id_9ocs33mybq,19.03957180715903
id_le65pdwgzs,19.254299110515717
id_kj6oinfm9j,21.202415539660777
id_tiqxiw34y0,15.75908570746546
id_j5q5ukj913,15.862171270225872
id_wfsqr784ue,14.549947607985773
id_19yb602oya,14.39490640540519
id_p5abbz6sni,20.834015121256332
id_sj35fk9ewl,24.13415896841833
id_asczdnpq0c,16.630890814239592
id_bcoprnh1dh,17.560481356122917
id_4hnps4a19v,17.76071135153826
id_slby4mvn69,19.232134987229177
id_fdcwmf2mqw,22.360173487511016
id_pc2ol1dymd,19.625091411191946
id_72hn9xr2mt,18.77152808892178
id_ooylyenf74,15.768057795897946
id_7c0tvcd4mf,17.846406928784127
id_vo7qco3vo4,13.946627181396899
id_tyda8qzu9y,15.512902700917367
id_qjo74p50vb,16.143533542460087
id_qftdjlnuxo,14.15396058517159
id_8zkhvf7knd,15.760856951309723
id_zjdfiws1ze,12.356616877581228
id_km0396cm8u,12.363299469080346
id_0zb66667qv,18.480618242856195
id_xkul5db55f,18.94795043217095
id_0882wi4vll,21.759793838930676
id_vyjoukh7a3,14.171256442652947
id_mgzj7k2c88,13.040493517468532
id_mj68hapwjy,22.394404519634318
id_4k7w1huz70,20.511121688553146
id_cc5r73bssv,10.917686983604625
id_lpc3qqqc79,20.05301281035907
id_dgd25e5l5n,20.259380450411896
id_2u5h8ssj8f,6.393453875840158
id_qekvi0qhbi,15.259603691121816
id_7t5rwbvncv,23.213946428361986
id_wip1lfenhd,13.703679723250785
id_fz1zlhsz58,23.729972793918236
id_fzhszn9qgh,19.819999286254703
id_drhboq2o8f,15.86862858669987
id_67f2qgxjr4,26.078377100705755
id_c9jyqp5ts3,24.23185577814121
id_o5nsm6bufm,24.763666975474994
id_fliahadafe,30.169529725368033
id_ljzcxva3j0,39.279844733799926
id_4fg7od0p2h,19.001178258583124
id_r0bgionrrx,15.26175292027609
id_5mrclq7yja,17.754278063989034
id_v6ji6xpykj,18.568509683496668
id_gzxccfruiy,22.89727492853646
id_rch18sl7fq,36.70342175763007
id_dycgsa1kum,35.782235672191064
id_dh2z6cu6bu,13.66742618791977
id_b3ij5seund,30.66337555514802
id_tziu881h86,40.512705605584074
id_321qju313s,17.829818435804725
id_dngcm1ubxs,45.34846123090232
id_vu0rtf6isv,37.18005884576481
id_tzfx3hbsak,42.71508369106257
id_rhg9ghnbc2,41.60442033166269
id_9hkqfrhrxo,45.430921057384396
id_1s9fc94wwm,57.462545498663516
id_6l0a121qin,49.32745895362576
id_iblicy6lwk,43.94765560270457
id_galqj45a9w,48.703411188294936
id_1dg8zj0o7z,47.19108829081074
id_9x63i9uu20,30.597862234485962
id_n4mgwkvcyo,52.6409964932903
id_h9o1enzmn6,47.618835281941266
id_4utcad6z0z,14.804432604862063
id_faw7vd63nz,15.918327658383898
id_bfmddpm7dk,14.845201709843613
id_zsn1j1j2ex,15.495152955325786
id_hnknralqvw,14.130396310869115
id_j3s4dhvwvf,14.453449718910342
id_nb9skm42eu,13.702494353003736
id_e30vibg2cr,14.706234182666458
id_hr07rxuwnk,15.635880222032903
id_cckgjin8j4,10.469731505139928
id_1igqyragk7,19.645957228977085
id_pbbqks4896,10.96444677328275
id_yglxjnnnmd,14.97828809360399
id_akkkm90ju3,15.850939004370577
id_pnw5qxgci5,16.236192358575078
id_ed8b146zq4,25.550096036329347
id_dog1qrt65n,18.669061083125964
id_4iko2mf9m1,14.892340326523517
id_tf16irhnxj,25.01067065912462
id_z8dbvb7mld,21.0101887000744
id_hjojye2bnc,15.119070278860939
id_e74fkffny9,18.053381262454185
id_96r4h4wquw,15.00027072117865
id_n8zuiv730d,22.959321404936166
id_q9sf7h6id3,24.06400355335897
id_1ahz3wcpza,21.99990076656247
id_bij6rb0yyc,16.030546500384535
id_rj67797cdl,18.38280776021847
id_nfgy5cs3i7,18.63566938639198
id_2gg9612372,23.810106917611385
id_rd2ycsqjqu,18.489165991198593
id_yhyq4hrrvo,18.061429325243502
id_cugq7k2136,17.216745827732552
id_6ztrbzwf74,20.767500970910238
id_b3864dngn9,20.3492615314533
id_fslinj6lsz,17.98303884457152
id_nr59rjq353,14.015712186146148
id_f937o9uhz5,19.136883053142032
id_pdm9hc9akh,18.465709499985227
id_hlaacmpdc2,14.468603470155223
id_43l5b3qppy,24.853401853869023
id_nhboyjouon,23.780625704241256
id_e9tjlmzofe,20.94504528550988
id_uep5kutr80,19.655135696286195
id_xdu2qkcn9o,17.94951088653972
id_7xqj2zy62f,14.911955330197717
id_d3txp6ww71,13.170786928674309
id_kpr41h1gl2,14.988982474298895
id_eeu9sw0k2s,20.12028201597333
id_c20q8ikv7t,17.757341670667167
id_g8oqjuggsz,22.740969157842013
id_2nq4naxlui,18.373491919586147
id_qny2l3j2li,19.9252602357733
id_vvea9k8tgz,18.46578262933035
id_t009are3zm,17.410050296337857
id_uzuka63dnk,20.48155271924623
id_rkhciqi5gp,16.8827548661051
id_9qs0u03sne,21.144907271498692
id_beoswwa1jg,15.154952663756099
id_6yzetfd0jr,15.074103415430042
id_ip144xmrio,19.840252502102942
id_y1jzpsul42,12.482981781996719
id_irudkpu9cg,25.12935806994482
id_43ve2f04z8,21.045843689382103
id_4gby11apzd,24.855093624190705
id_brzm1fa82q,19.42346356375161
id_cikkzszzmw,23.894643974593183
id_93uc5zchkn,20.902797478100503
id_n6z1o0dpy1,13.20956788052538
id_r9li959sxm,10.928498052390115
id_om1wxt4lrr,18.018188345013932
id_kj1k62c4hk,11.081398494224072
id_x9m9yvh87r,13.85364140388839
id_xraq80851o,27.10373461916893
id_hs3bu1nmse,13.0139950522577
id_w183sk05qy,25.75325524434681
id_ctdw7mpo2o,21.27857078345986
id_ycnd040s0i,26.52778334776784
id_bhghd6qnsh,12.17997138661277
id_yly1mkkcmj,12.60790502826984
id_bhcer2s6k1,13.517631048765432
id_ts9g0trocv,12.055262698382222
id_1qto62qavh,26.93106247101861
id_0wajzy8ts6,31.132137980856637
id_wpu97wbqk7,14.630814941242194
id_zmyx8uismd,22.08994228031651
id_nlxvai48i7,29.120685314839832
id_dkdt1jrmsn,17.546912078519163
id_8kq3got9a1,29.21602969850325
id_lr3rz1e86g,30.38984420668303
id_6kzxrawpey,25.68454036067872
id_xwyw71ldzx,23.591964323843865
id_kkivrvc6dv,36.09347327110749
id_94wuxmw8rb,40.853551880521685
id_3q8sdy56bq,36.57390221342052
id_oc2m0zmgnw,27.762115531504534
id_pwx9pelurg,22.915037680987247
id_acjbfx8dti,29.753941879408146
id_eum8a3klcq,23.41848465778789
id_444jxq8ki8,13.961491506471738
id_fokwurehqu,14.774865584470632
id_20s8fncc9t,21.97531234110843
id_ifa0c3dcm4,19.985610239694203
id_bl23vucby8,22.040385073603076
id_o1949nqyfa,14.406326545600907
id_y3f4c5fs4z,15.733796750752218
id_kdox62iiap,22.630974475449772
id_r8f5l77m7z,15.111489815111133
id_6xieqd6sjk,23.941549680987777
id_g3poszpaqe,13.982513812889152
id_tv3dx937tm,12.29827459591605
id_kufhei9qi0,14.945601205488279
id_6xvj9dnlf9,16.761085584810424
id_977w9neez7,27.379452204750937
id_74zzcs47si,16.65995415726622
id_dkzrsecwur,13.916006660984397
id_fzaay03gtj,17.24924779533196
id_2qlkll1nti,16.579641266646632
id_dkxo29nkhe,19.410307583838364
id_8z4hu1lzg6,14.771458586256779
id_bketz8ikkp,11.164507734391776
id_qbn6ng2ro0,18.990328664265604
id_pa1p75uuos,26.159810013125718
id_hgfifx9q4q,19.082367122578635
id_kqxhxu0vxw,15.973810337642615
id_eso5h6en02,17.76896266651875
id_tcnlwhm6by,19.390909195611957
id_2jgdesoznn,20.85043273684356
id_q1prt1nt1v,16.44879251196558
id_bpey1bdu4z,14.097191594463192
id_0f17xoy417,17.60031008781752
id_benw0ms5bl,20.99439292560176
id_ovvvd62h5n,18.201666784562825
id_8w0x0v8vc8,25.44760758979169
id_sr7nmu5cq5,19.679581610106922
id_uz69dxquyc,18.336379745949174
id_058qup1czp,17.183139855059093
id_9xdm5pzodn,19.89548117574337
id_9xiabniu8d,16.48449598002126
id_e8ov3f0ec6,16.702723337374692
id_ztov1dasd7,16.845620462690796
id_u0dv0t4gc6,15.120662137012227
id_vaexseqp4z,13.9549385761339
id_5e4jtn2k5u,20.883041234727653
id_g1f5h70z60,15.517659357923039
id_ei0npa3d51,18.514641224341588
id_w73v97w9dd,18.324852545773478
id_d01h6zb0k7,22.84120504874452
id_hajvhq9a9k,26.274377317475892
id_wfej53asol,13.722649607656232
id_wkxp2kkhas,14.933091632358254
id_4nx3hdlk3f,21.631607057588745
id_tvruaym3ou,15.228300765267768
id_mdja9rpbvi,32.16190123360974
id_v3lg566peh,20.975101517389533
id_5a7one1voe,21.204535482495814
id_uzwhiiojkc,18.389216761983384
id_13zxbv2bo6,18.704927116354305
id_ex6nijku46,18.4579187668942
id_7dpkk65nit,19.32571340077928
id_g3bd1hun07,23.40556828798116
id_suwhca6van,14.52706480707009
id_nxc1tmyyss,16.624712389889435
id_eikgi2kr2q,19.534204259501276
id_n4o71g7yok,19.254299110515717
id_mpq671lkla,19.86885220147536
id_k8se7sutpt,15.50886170683522
id_i92idl2arl,14.753491903613517
id_5ingz959i0,15.162805915588667
id_bgw3i6wwpf,15.863555919372324
id_80ixty8tal,21.956783602558012
id_0a4e9fjk97,21.922436832730224
id_lbmmt6ea89,16.88851690082878
id_c3flrt1zuh,20.23657259114767
id_cvs2kktyxu,19.589282851986017
id_7mtozwwc20,19.232134987229177
id_dq086pe2mx,22.360173487511016
id_3oa251xapn,19.27249511210318
id_felfdwexf7,24.841110867724712
id_hxzxzh2uah,17.4017995232613
id_7e9nhjb559,16.440640241881454
id_yjzowwtt3y,13.946627181396899
id_kc77exs6rd,15.512902700917367
id_du9zmbgca2,14.445217311587395
id_j4jhp6ymgs,20.585005722887146
id_m5the81w7o,18.388422852680364
id_1s8k0qheno,13.089454620882677
id_b6q1wkhds2,11.08404900853061
id_cz225gdeoi,19.742759689151196
id_8lkvzskxdi,18.94795043217095
id_t301lndtpe,22.954370389724374
id_uzuzt5hcyv,14.171256442652947
id_6n47hvxwoz,15.17312916379907
id_294fhgybq2,22.394404519634318
id_pvdki2lfbt,20.51078760062488
id_5yosfti35o,13.239300067649738
id_tsf2ykay6m,15.893417774676728
id_pddkles1x0,7.893453124155793
id_ypzvugg3as,11.678178231929468
id_ol8i7nv30f,16.032769092790325
id_md132uwbf7,12.853795563833467
id_b2y24168l7,21.955642896938684
id_4yvwmu8cxe,10.942219497907667
id_tmy3b6ts38,17.211031891807572
id_cbq3vn3m3o,26.078377100705755
id_a8umfjb1ge,17.779219607756936
id_8oqx4hgwe7,26.2446079613342
id_y5f8v3s580,22.58200600891112
id_6kf89wa993,39.604254788900704
id_h7yzht6wq0,20.610529934811062
id_95brnbo0jo,26.59372911497297
id_4hb5judkxv,18.644418037765657
id_xun5oyhgjo,18.9407961895843
id_kckpnat31g,22.89727492853646
id_otccfrhvvi,41.371721028591324
id_jn6u5c5cjp,36.517098920675835
id_v933ue7kf5,16.55678035832512
id_mc2i376rld,32.17239504824258
id_9r05mz0idm,39.7084958767105
id_3wfdiqgoxw,19.138647989281896
id_c1n58uu252,30.859831648675232
id_7p5lepxj6a,37.70058691652739
id_lrkr587gkp,40.8213368551669
id_kvnb8ekvum,43.36865453360997
id_mqv32adp5x,47.72804885154699
id_20korskh6j,56.405627778813916
id_78f1la773c,40.26245747962493
id_9jtdzf7kcs,45.33813147382465
id_52juzapqcw,50.828855829370326
id_li4wcjkc21,50.102042512375775
id_bwle5dl0sg,33.64088715883823
id_7jqcpniwxn,44.05741729541449
id_5jbtohx3rn,47.618835281941266
id_odokt2hr7x,19.681969238158803
id_kw3winhwi7,27.681653722507633
id_jj9rbh612v,23.420500406100125
id_26j0qg7uea,19.432932621931286
id_ycnpcmmjh1,18.005863089003817
id_7vaqpmlhsv,17.40948040380577
id_c9cup5eoxe,31.331383844517372
id_rxl64ozpc8,18.769961504116736
id_wlrwnnkbc4,13.635250657052131
id_5v07yr6kc5,14.196470914349282
id_twzj5jj66k,15.95413530291622
id_72mxu4su0c,21.536390228182416
id_c25uc85sjo,17.914086319066502
id_ouv903vao3,22.657512167236238
id_zyln20zouy,22.25985142223341
id_gl5zw040r9,20.358200311237095
id_g8wutb862i,19.02008228992574
id_s8gpkg7qj6,15.155209395410438
id_rmsthvc1sd,12.862850490385727
id_ke99qjo5z4,19.14972172593015
id_77oq3gka82,16.62020282451489
id_d4rug7fs73,18.46578262933035
id_0q4rgwhh5j,21.712338127939496
id_6a84c2y7xm,19.906684642978956
id_6q6h59e1he,16.96835982736331
id_dv8a63xtc0,20.947850497552345
id_27ono5yevj,14.27398541725624
id_v2r3sg9n1j,20.729324001095023
id_3p8yrwj992,24.118798174596723
id_wk8q5ydpwc,24.5101718710187
id_xddq8x5dw6,18.361312882064382
id_sharv68cbo,19.285872459271367
id_98fux0thhz,22.567196024727064
id_ago3payk3b,8.764018810773877
id_2bmny3x2l9,12.430434616951528
id_br2ieejs8c,12.12976540735414
id_weseav1xhv,19.46713859617065
id_qwf1i3cj7r,9.27511450802135
id_4fdnb4eyjk,17.18089937735522
id_khcy0c8nrh,11.756181997506141
id_kjsl8ka1vy,10.885150343465819
id_1s4emym39i,29.462568795413485
id_cfswxplen7,27.622914614901234
id_ri3sgqw5vk,12.238351451050953
id_w8xmcsup55,16.379199107102192
id_oskrymtnrz,12.855972193944877
id_a5nzunklam,13.271096004575057
id_okj6k5qcws,26.93106247101861
id_ja07tx0n94,35.55864132595782
id_1cu5omuey9,19.14687769066863
id_ph274c2i2p,20.818316689992624
id_sx300bfhv2,21.96499538864611
id_xlkeen4coj,17.3436634534539
id_bhdjsv4g5r,29.21602969850325
id_doxq14mqw3,30.38984420668303
id_fbog8w5ysl,25.5624632653583
id_nf1gsgtgns,22.686936118584594
id_10f0mij1yf,24.18727892220816
id_m5e0u3d68x,42.42646816908932
id_x6l5iwtgrd,36.57390221342052
id_eyx4q4fnev,24.281691065373465
id_4lfxjvfjkw,23.706754755347443
id_32u710vh61,34.690576665820984
id_zsw4618nnl,23.41848465778789
id_tzdmb15txs,14.859268641884372
id_6ngwi1vl1h,11.543135046384096
id_cqm8i6ol8g,14.532281526398078
id_l7eneup5t0,16.278048758171177
id_sfbjw9ec2z,13.108566959170531
id_j7jqrbwmi0,13.883009845951346
id_wwdzrwgr58,18.33327351786948
id_kk82r8fpuh,9.503888867505303
id_wat59la3q6,14.278035521545174
id_xhxsyxysbf,17.24086898618506
id_actuxo4gmq,14.646245086723013
id_6qitjn8c8r,16.938061639507065
id_jdquy1lxet,22.299137157712384
id_g5325vgzzt,18.967010156465285
id_c4zrpwzc4a,14.100681719531664
id_t5anmg4v7v,18.193139652627796
id_9af0ydgl1s,19.531845240955395
id_9wwxdbqekl,15.371319294722882
id_dtzemr8b33,20.519213130281482
id_qye7rb9bbu,21.52269189877418
id_1s38ze4v8w,22.62151770475818
id_1doz4c69ph,17.958317846864322
id_18tg20wg54,24.943242454452726
id_mf6s46v1uw,23.836194965751908
id_krkw3iqkf6,27.49846819133969
id_tcql7qm01y,15.436597951521295
id_czit7flk3p,15.33984572879791
id_67vafahcsb,16.78873715260561
id_ocawwzqkj7,23.29781887532102
id_6hwobiyszp,17.04549641534264
id_3hit2vt54g,15.435818046008013
id_kxjx8xtw71,28.074623882445042
id_ujvrrf4kx0,20.767500970910238
id_p7m9x0qpi5,20.816563092803207
id_b2w6gxhazp,17.968800643159405
id_0glwf1vle0,11.794530467584075
id_h52hj66b1j,23.171337731642605
id_3ykb55avzl,14.015712186146148
id_4140yukx35,15.622909292693382
id_ejschtytb2,14.86290421136018
id_bt8l5o5bpc,15.401122463200378
id_01tyqteuzb,18.51986834501943
id_xxtlit8f06,18.420917348307878
id_neowy957qe,15.431848099857545
id_ld5ad63fk4,22.484718457396127
id_9wphwvxjbh,21.29893280103871
id_bjwf0gk35g,23.20367431090633
id_nk6t94cwcj,16.40409598073438
id_c00v9db3kd,19.302564802765836
id_qljfbbues6,14.665496139163285
id_8l8rdvtd4z,18.795074953217725
id_ucd95ihefb,21.50103235159657
id_1h25lc42la,14.258403269058178
id_7rkgygr8my,20.263764542650485
id_qrzcnk9cb7,16.196334903693277
id_3osclzuma1,18.66266186578038
id_j7yo6gfpr7,16.511849987930443
id_m8zu1vzawt,19.074668867978588
id_bjboh76f83,15.212603425999268
id_msmgdqfiqk,20.622665782975417
id_9d9nc0plgr,14.8301904283025
id_fnstzi3enk,16.383739504823062
id_3h9gnh7is5,17.773284102818273
id_ymoxc4wuvj,20.48155271924623
id_diweogvo4x,17.20429706128842
id_wl3mu9y4pt,20.304058555609025
id_cypiwo10y6,17.45650960072463
id_qh3anhhrlw,15.131527970450408
id_83z9c83r5i,17.887258626020945
id_s1phnl1iyl,16.885064823459803
id_uqoypd8y4s,13.556710825923304
id_e1c84vnzi4,11.006861031158314
id_duvrjwe7j4,19.700204798135694
id_cpaolr5w71,13.340378233053293
id_0gez5n5up3,19.555173503130458
id_4dxpvc7v0t,29.512928912418964
id_wy3b3kwp1u,17.90359307474218
id_kcz6mx2ftd,17.39885404423933
id_s2azjdfda4,18.527592847795482
id_7zq37bq2m9,10.701253177164526
id_80ps7kboqo,28.98869449361708
id_wdp8cocu50,24.855093624190705
id_gxnloqrtfy,25.490285808762582
id_98zx0ydmal,27.309938075348587
id_ikydapbjg4,23.10582056919249
id_x9csxregb4,13.20956788052538
id_x726sqebnc,9.487102975619182
id_embux96a8d,18.469654673718743
id_n3zi21eakt,12.458749280857063
id_cmzvbp4gp1,12.689048480002937
id_lh42zi0nvd,11.324065149679798
id_lq6ofubnzh,17.060441968589938
id_ak1gmocab7,27.158381597263723
id_j2qbzdu60r,19.57503423367437
id_4s7frhrx0s,31.185424344894813
id_swwnl6ehwx,12.881143380676544
id_0dzgrhmq0i,12.592073664530911
id_bblmv4qbuz,9.497179576072687
id_ns1udfi49f,12.542081477209281
id_3t4mu9h9h8,26.93106247101861
id_np2i3652hs,32.974321536932024
id_0m1hyk0i2t,18.32811835662464
id_47086vwi8b,21.187739844336303
id_w1v8rlefq7,30.20359707411829
id_p24h3f2r8x,17.661115332799213
id_dlxm63a09x,30.921896257433666
id_ri94vbx6vg,23.50432772991098
id_wi9j0eune9,25.61188144675753
id_0z2yz02gho,24.098592501206443
id_013dywijcw,33.31816383505101
id_whd8ue3507,42.42646816908932
id_wmd6txw3qp,33.097584739136586
id_2uo9nruooa,30.972500397471837
id_cmezkcvthd,22.418098327753874
id_k00w57rr6l,28.795210065623614
id_rm817jen6a,24.494060546380297
id_l2wquc1lyf,9.474577613914624
id_f2ayymfg06,12.944428293612312
id_2xwro4u4ib,15.495152955325786
id_s4gcy5ldea,14.446998926240433
id_llxl5vedjd,12.493365195346753
id_ra9rzjf8cs,14.706234182666458
id_06it7wxay5,15.635880222032903
id_p358wai3ar,11.10031543190327
id_63q6x7rc50,18.00630658257285
id_yrqlregvfr,10.96444677328275
id_6ey2mcbqfl,14.278035521545174
id_xz9gud04ug,15.466134971318564
id_upa56c1xqo,15.699924004711054
id_apci48cec9,18.67941405301773
id_ivaqozbhfz,25.3993008777493
id_5r9lkzxt5l,18.967010156465285
id_q9fyy5hlug,17.667402556304253
id_fia47n8arx,26.965520896235745
id_c8ytbvxreg,23.524395288597113
id_715d169b93,29.154247192935536
id_i41soezu3u,16.030546500384535
id_ghl9lkmkbc,18.017571264517972
id_jhwg78mhs2,17.685642329414453
id_mbp1opp105,23.810106917611385
id_tpecaex89x,18.489165991198593
id_gkqkcuvhn0,18.061429325243502
id_jl7cx8vnrz,17.3628822371556
id_z22ai1ufxc,27.194071041450265
id_cf9eqd8nio,20.767500970910238
id_4nvfqr7bwz,19.205308493575117
id_styx2evpu7,17.98303884457152
id_r4qfxsd6qk,15.052927331346417
id_6ula6jqx2d,26.84215912665879
id_ab11cvvhj1,19.431237935407676
id_lru4a7apze,21.378986440657282
id_1h8qiqvba3,18.821898360109493
id_jocn99q8x8,14.015712186146148
id_yqd8by9too,15.583827154512502
id_3vo780asu2,19.136883053142032
id_t8qspqxocv,14.74749102510645
id_fxt49fthrg,14.990683268103462
id_9hsvvxccfs,15.446878263121167
id_mdox4e1wm7,22.916481586994024
id_e0v37gnrdc,18.634667881878908
id_4higx88y8s,16.706819474816886
id_dzdczy4694,20.850073875421312
id_b9cls7es48,18.548333852722664
id_ii1b1vx3v6,23.367424401091913
id_qjkp2dhlfd,21.19398840118924
id_4tycdb5q0i,19.538864515810097
id_enssz42xj6,19.20143450225614
id_j2lnxkjgor,14.485985288552065
id_d1kz51qzme,24.144590634530346
id_93y706i4uo,21.417083500288566
id_uo33uxmu30,23.20367431090633
id_42uhyp7b1d,17.069003306406763
id_557lj2gncx,19.302564802765836
id_g646xm5v36,17.128162779790284
id_3u2zh5sctj,14.911955330197717
id_88m5txqfk0,17.806135274816288
id_636veo7myp,13.797993320842014
id_mw8i11x4p5,21.402529784944587
id_i01umxhgoi,14.215929034404459
id_7htzho5nfe,20.263764542650485
id_rqvyvvqjjo,18.202443686910087
id_3sw1g6ujkh,16.5712503232373
id_7koyjh6lyz,16.046147842229
id_h33dmmxmxt,18.373491919586147
id_b4zqx3ey2e,16.196560746630322
id_rigbnum9jj,13.545853219956504
id_hwnk2tvpjh,19.9252602357733
id_3djm31ze2k,14.950078541751804
id_y1b1v2oco9,17.53814081007538
id_uiiqit3mio,16.355500789989016
id_qjv34s9tgs,17.773284102818273
id_mw1dkfs5o5,20.48155271924623
id_zgolsofwkv,16.8827548661051
id_gntve7cvte,21.252093915669263
id_mv1hwwypf2,15.24994972210248
id_66vowuru12,15.131527970450408
id_718x53xw5l,17.305181615572497
id_y5duq02fcq,17.672998299315516
id_nabflglwpr,19.840252502102942
id_m8gl9o5dbz,12.167927498009178
id_s0yzedmwy0,12.139180167155509
id_n4zpk50eng,10.481389709428377
id_bf0mqyujkg,25.144889455651647
id_db6l9ymytu,11.6198671789453
id_zzhsplt3ae,11.792155144302484
id_gxvybxvz61,18.932864061194604
id_2hrjgfgo5c,29.512928912418964
id_qnvbhvfvfh,17.827568628755458
id_f4j4e8toay,17.39885404423933
id_yh8x8izood,18.839606653500656
id_r9gbkhu2zs,29.896801612358505
id_hzuko4hsbs,13.324540211080432
id_4akcsf7v23,27.411470352265972
id_y4a4bry0za,10.31486311357206
id_juefa18khg,23.417591577171418
id_8pg965n9uh,24.855093624190705
id_c1qncxdk14,35.098492482232544
id_fxdpjby57j,23.894643974593183
id_maxuuv6qwy,22.568050173302908
id_hqp1zmq2rl,13.20956788052538
id_7mmcd60iqp,10.068101421682439
id_5f3qz4huj9,18.530993721818266
id_m6vn47j4ge,11.081398494224072
id_mkyjtq0uj7,13.85364140388839
id_dd1qog5gsu,11.742572822046593
id_yltiy4ct4b,14.47743488264201
id_l7g3rwiyu1,29.462568795413485
id_y0nex8ki95,18.711068513005255
id_trj4ropjy6,26.52778334776784
id_xkfnw0mcvh,12.881143380676544
id_j7zs6cpw42,12.592073664530911
id_o55nqbxkhg,8.15854911882428
id_l3neq81nk8,14.452630461837366
id_ft7ki0jjoc,24.460452582705074
id_1doie955wo,31.132137980856637
id_pap3jy3v7v,15.53278598155222
id_64zbc8ou3g,20.48215657210688
id_1ssvmd37d4,32.00410703682639
id_5i93sdabtx,17.3436634534539
id_5oej7jiuyx,29.21602969850325
id_es0jy27ww2,26.647299006127177
id_ze9u1sfrwl,25.10057220607993
id_3y84kki549,23.657106983513795
id_glm9sjal1a,34.51163727452958
id_kjp8dcqhsa,41.01572930445702
id_2s4n7u9qbe,36.57390221342052
id_57l2n9hbxk,30.30721968097169
id_0rmqw3hqow,23.556453029565784
id_uc46nrbgzu,28.795210065623614
id_zck6gqoy8o,25.087955746011023
id_kmohqwxbue,13.724633439235323
id_dswkvfgg96,20.964988801112153
id_72kefc7g3s,11.303133584948101
id_fsdqdwkhec,13.454320021417413
id_yaf7kh6asz,12.55560925393787
id_d3xd7t76g8,16.704895862394864
id_ekxnkkalys,10.896210648815867
id_foo1qhnhh4,11.32961297793253
id_4gaub27eaz,13.604977835865741
id_u8ysh8pwg1,12.310229800924855
id_zwxals7wca,13.702494353003736
id_qs4s1l5v79,10.143089861256525
id_k5fj3oay3x,12.408198720966213
id_3bwp89pu3m,10.365506975281395
id_e9eglkp5vv,10.644768418635575
id_t4qjrlzxns,19.22113634905726
id_kn8xo43og2,13.022458514584754
id_48859izqh3,14.345690041474892
id_9967xanbmk,14.94311718893078
id_eh3ys96anu,16.321342700932878
id_5bgqsh9x4k,18.11981757743594
id_jwouft46is,19.677485729506564
id_3ck9tvimgh,17.30560355711347
id_n6s7duali8,12.37585225322237
id_6kgl1almmg,18.33505144666923
id_gxefptsqvq,21.131218915157703
id_ygnr1sn381,21.0101887000744
id_v3y11kgwad,18.73513549553417
id_q2fgzp3xx3,14.772228644621968
id_s7k292eya7,16.26247164513855
id_jt2rysim4p,16.88814646547822
id_yn9vzuflej,21.73647391928486
id_362cko5nwx,15.559820422046423
id_d9dv3lr4k1,14.244853140590687
id_10un4lyvek,13.905770197992634
id_z0j05634v8,21.244180117095055
id_txhxlogsxn,17.080086941248236
id_18c3488pxk,27.92287819826909
id_la1ypixght,24.151401180566847
id_t9njgxp6v6,23.7565627568814
id_b8yn1i9rx8,13.050792738368166
id_o2y4vg1agv,29.74693285804074
id_fvx3zhir92,30.02268335636696
id_nfj7rfs9a1,13.992948895393003
id_b9q3y3r7t3,15.624273095901314
id_yio3jfuvmy,19.136883053142032
id_54qfk101o1,18.14645632115853
id_vox6mwiloh,18.344189806117008
id_u1xceey131,14.557724807278822
id_dxpgh1o1t3,20.03324774347804
id_2ujws46vir,19.98179129212617
id_2n7hyhtkrb,21.199879372298472
id_4779bmeme0,20.850073875421312
id_b3eztfwajg,15.469978606036628
id_f33f3mdfla,21.75815635883571
id_xkpq6na5ee,18.322873951859776
id_3ihace1d7c,21.917164781061828
id_z6wylocn17,19.49780191171033
id_pm68i3c3wd,14.762536298681761
id_trjqjao4jd,16.24853362477675
id_1w15d7g4ge,23.60082335538855
id_3aici5cdi6,22.955336555402297
id_kbloxrog5z,16.50234760651627
id_ovmpiycff0,21.319437647330197
id_ly3xdcti5t,13.82207528409986
id_qb0ptrppyi,14.32740871199953
id_wxb5nd3qgd,17.732311151379474
id_1ry1ir7o6d,15.522039693755941
id_6wbo7y25e7,16.901312840149238
id_tse3bpfaes,14.235763748413037
id_9n988uuhtq,21.917092223002488
id_nzhdqdkc5b,18.368747288933157
id_4gabr5bciq,16.773348394460125
id_dc61oe5crn,16.834543680613077
id_7lbdu1bryj,17.110193914969855
id_mhqk3070i7,16.218886642057925
id_thtyylis4v,17.624961246360378
id_5iiheoohcw,19.9252602357733
id_vjiqa7ykcq,21.74031082314684
id_638vs5aq61,17.73458165893662
id_6cjnt5825x,16.714039256249436
id_534km866kg,18.849111216882115
id_fzkvzetszz,19.266670061045794
id_uwuc9e0lop,15.966636350298431
id_ncfz0o03wc,19.638567092829597
id_1sd88o70w0,15.101442614728123
id_9q3xoxtkc5,14.948576176581124
id_9xf47hwalo,13.280269624010453
id_c9e6k7t8xv,17.55556295324439
id_60hy4zghxo,20.786878273632293
id_vcj2pr28k2,11.341190377720295
id_nik15zq29r,13.183849766289601
id_gbsfx2i90n,10.481389709428377
id_sm9wfzdrfb,23.44672867160614
id_wa0hhql9xd,9.934814207493991
id_xyicbz69wn,10.354023064807198
id_fzfp1gfiyc,19.548231615312005
id_6jd6rh3joo,29.22200085696577
id_hohuu1719a,17.827568628755458
id_45rgo61j3e,25.517320230592123
id_x29n2ig0by,17.391919123962122
id_6pqpt4bc2y,34.12847149573788
id_kix768jdnh,11.309010838725222
id_p4u0awuwyi,27.411470352265972
id_5pkc8dc3pp,11.32508301231401
id_o8g3g3fyi1,21.045843689382103
id_gwi1towzf6,23.64315108463856
id_tl446ky5so,24.903764828264435
id_fv0k1xke9b,27.309938075348587
id_17qgwq8hor,24.822537452066904
id_h169vb8h8d,14.713649144779572
id_vuv2g91m7z,11.828149581210488
id_o62drksqmp,21.23286125515015
id_uvitqz5bhf,10.703696059321015
id_x1v4xuet0h,29.614736423063135
id_jr4seoen2w,26.55803003292479
id_q1efjaqgq0,13.25957940464948
id_ji3o8np61b,27.273678548024154
id_vp8mci8xh0,23.891258793323612
id_x5f7i7wjcu,29.53576516078287
id_eej779rshs,28.56528403433931
id_l9g1xrh5vp,25.610557814727954
id_9qz231bbzd,8.332146779192879
id_3jf3q7rnyi,14.075613058653216
id_y2oiminmvu,26.180877332979456
id_kj1d4jsmhg,31.132137980856637
id_b9dbh7l628,15.34154110939048
id_qkxd74j593,24.843088116476856
id_f9aer27ojz,26.253979968645144
id_v6ovtq73uh,15.940746255028447
id_dha8u73072,28.123624018621573
id_5cdrvce6lw,29.60214276580209
id_05y9wpsdwc,23.151674402682254
id_ty03p4f7jh,34.88628506766463
id_4rxcuqqsqp,40.678738362197116
id_x8pk6xpjba,34.79072350336539
id_rjgh33lh9s,24.786250527659572
id_07eag0levd,15.027658583231153
id_vxesong654,21.361010441863925
id_14j7bt588k,20.743651479664234
id_f63m71zrb3,13.295318854321245
id_o0xatx0hcr,13.902157195472109
id_96xc5f8bgh,11.774967306954235
id_0t0yv19f1q,13.12864785843594
id_dih5frts8q,13.914512326419867
id_trmmfm32qe,12.928984566924731
id_hu3sq815oq,13.4481046717614
id_cxfmqit9ap,11.652136038802716
id_7izfmpd326,20.339904157997978
id_qd0tkswd2a,13.385570230895102
id_otlb3hargz,15.271967585888925
id_st47fowvrj,13.023352158718051
id_4h4pdth392,12.337127018761219
id_g8trb7wy8n,11.287605363410183
id_1wx11gvom9,10.466172445234877
id_rvq5ol3w4x,10.301458819290504
id_7sttnrbjre,14.804432604862063
id_pip7eoyzmk,13.724633439235323
id_lb56ukrqt0,12.563024531836943
id_0hyearkq6o,11.303133584948101
id_mr6v3oygt6,13.450566176972384
id_yzbu3830gx,15.495152955325786
id_94p4j6yomt,15.618535521474849
id_53xsefo8ab,10.896210648815867
id_ymuv4r55o4,11.32961297793253
id_nqkiglgq9k,13.458949611651901
id_q6e19plrfx,12.310229800924855
id_poxowfpijt,13.702494353003736
id_qgt2oyneg3,10.143089861256525
id_kr9teempq0,14.521734361517854
id_q43rzgs3e5,9.834714287381875
id_uk0j14fgpq,11.10031543190327
id_h45ejiaqqh,19.22113634905726
id_u08b48hrcu,9.928366053740575
id_jdgiv3t50o,14.345690041474892
id_8h5gfrz1ja,17.05222367226242
id_mslk5ay6w0,15.3870107001248
id_y3hecd28lq,17.656549897042215
id_9cmmjowuen,21.495332818296472
id_3clagfxagj,18.967010156465285
id_8sttc3ns1m,11.301424508051447
id_uv4kyh58kt,17.878309538346357
id_zmu5hapnm7,21.131218915157703
id_ybt3e2qbt8,21.0101887000744
id_yvdig97vvd,18.73513549553417
id_wbsyjlsxkt,13.779473510575942
id_39gbv940fx,13.953531119839655
id_78sb1wtf1t,17.72017330581365
id_o191u62lgc,21.73647391928486
id_na0qbpl8m9,15.029894672126375
id_daa5h53t2o,14.244853140590687
id_z1zg8tcsm5,16.66180404151649
id_dkvf88hlsn,23.64075662200127
id_qltsdtf4pb,20.58827080073689
id_rcnbilmlv3,26.376021088821073
id_rjcx3o5cyf,26.965520896235745
id_dcvlcfgert,23.7565627568814
id_jujywo4op0,14.024128851300095
id_dgbg639yj9,29.367660005425957
id_rifhty9d4h,20.362646246283553
id_4cz74rv8a0,21.65785993279689
id_rjuh3wooi0,16.030546500384535
id_26raoqfw3b,15.26740991573383
id_yleyy5sp4g,18.694997291708933
id_7lq42pqlpp,18.59320612387032
id_x2m1scwodc,23.861323627777793
id_fs6ppj71si,18.489165991198593
id_0kq8v62wnx,16.80279819975502
id_qrf9ul8pfd,21.60659241433021
id_7k9rf681ac,27.464454611905563
id_0urpsxojw7,23.02129398919963
id_oj7le10r8n,20.3492615314533
id_8w44b89inq,17.98303884457152
id_jooksgf7r5,13.822526958985343
id_zjwzzwzjvp,28.530280220362016
id_hit20lvy91,17.394337832428366
id_yjzrxrwvr1,21.378986440657282
id_ba1airy6ru,16.62365926784389
id_fatkzdj52m,14.015712186146148
id_h6j3ijc59m,16.41283607754616
id_r29rhi7ayb,19.136883053142032
id_n2328yoyny,18.14645632115853
id_2i3htqk8wu,15.468481163342789
id_y8t6iz10zy,14.557724807278822
id_j2xlsmt1az,21.872356410836023
id_zul4loljtn,20.582942321499964
id_5lfy1u1m5t,20.70847033664708
id_4r448lp054,20.850073875421312
id_ks3yurf69t,15.61171955176975
id_xlx05ev9ep,23.849036855324304
id_ybqhvfmvb4,19.58359657169244
id_osbg0v4o7k,20.511039285175
id_34amm2jgt1,19.20143450225614
id_651jn1ycqz,14.485985288552065
id_bjh20jwc0s,17.273317424971296
id_ev56qyrn6d,23.60082335538855
id_8zf79ts7q8,22.955336555402297
id_fsat380gb4,16.40409598073438
id_5y6h6w77t4,19.59945779883841
id_ux3m69xsv5,17.128162779790284
id_4y4b5x6oqs,14.685031464589276
id_4cmqu4avth,17.732311151379474
id_gd9bm0av1u,13.558877274115476
id_wkp093zyqi,16.641061507957517
id_ubo7o5c61g,13.943738495498849
id_da2q2o7k02,20.263764542650485
id_sfcmtklyr8,18.31677767332648
id_qon3ototf6,18.54943265572546
id_b1pwwzubs1,16.834543680613077
id_idrbyq1iwo,18.373491919586147
id_eo5tner8f9,16.196560746630322
id_dsl16jenz6,17.624961246360378
id_v5frf00iux,19.9252602357733
id_tijwl63sul,18.856574422590352
id_4nertyfo2z,17.73458165893662
id_1h3y0ycsbh,16.93102703099545
id_5ew52k2xfs,19.772310939242114
id_c1hedne5tu,19.266670061045794
id_drxgi1b55w,16.210371114071478
id_b764z0tp5c,19.208508457358754
id_n3ksb769k6,15.101442614728123
id_jvruvalbrm,14.948576176581124
id_qv4ehj6p1w,17.15334131599851
id_jxdgurw8vk,17.55556295324439
id_2ymafuhxw9,21.126275315729625
id_xgqoe9srqb,12.232370266666162
id_swi6t9g6aj,13.183849766289601
id_ttjz1pj6fm,10.481389709428377
id_8xv38j3a4z,20.432821132511346
id_yrqtamezkd,9.088149870122582
id_dzmpo7xtkf,10.354023064807198
id_u98r20l7ih,19.49073073447347
id_15w4tm2lvc,29.512928912418964
id_f2rhz6xl9n,18.99617336858946
id_so3qn2op6b,25.517320230592123
id_j5evcz5irl,17.391919123962122
id_4hfhscd1n7,34.12847149573788
id_akaaqo1io1,11.309010838725222
id_677lexrm68,27.411470352265972
id_4555ud3olu,11.480044247598569
id_b0q1fq9sgn,19.243132499876822
id_lbljktjgzg,23.759944361761747
id_ph7h4vs00p,28.183126933835393
id_8k0yeqq8re,26.388576905613675
id_0z3pcoyibd,17.74812789558073
id_riellbxfqz,12.084940566287717
id_22067fyb6o,21.23286125515015
id_fcxnbnpbtq,11.081398494224072
id_058r7cipy5,27.9053945113746
id_58g26ly3b3,28.002322895359104
id_hfta2jdk0t,13.25957940464948
id_l0z16v7e6t,29.462568795413485
id_z696ot1p1u,23.891258793323612
id_ok22kq81e3,26.52778334776784
id_8c4sb9ee7u,27.535000665851715
id_j83bo3ks17,25.610557814727954
id_8vcb1z1tah,8.332146779192879
id_cfy6d3jhx7,14.075613058653216
id_krv1ca6cfb,24.460452582705074
id_3d0miob1p5,31.132137980856637
id_iib9ayuluh,15.34154110939048
id_t5k9sx5xqf,21.25561687816783
id_zkw0mo1z9v,31.121572562278633
id_sjwqgvoa6l,16.74224891160478
id_vzxomw7xu0,28.123624018621573
id_ig9ksmea4f,36.21354730646437
id_p70jdvpgtu,25.15286030050795
id_m0gtw6nh7p,23.151674402682254
id_i0y6y5f0km,34.88628506766463
id_hyf3spl0wf,47.05765955615529
id_rshwplefjs,36.618545922220484
id_3b0x2a5kdq,24.786250527659572
id_7d9vzan37b,15.027658583231153
id_1ma4lggm82,28.795210065623614
id_pym8ooemqb,18.86736729603813
id_b0ww1vi7ut,15.850939004370577
id_43huts58gh,15.639036275867943
id_ivuzjmumge,18.67941405301773
id_643x1kcl8a,23.524395288597113
id_8c62htwyf0,16.78017415982446
id_gbcegwehwb,23.810106917611385
id_hx6qnu01o7,27.906951441955634
id_r69gk2kevv,20.767500970910238
id_rfr69eoy4e,19.17680543255963
id_p815xbtmh2,18.047098566291222
id_q4htbc3mv4,15.052927331346417
id_3qu1qg5an9,22.921233069379035
id_jxt2raj564,20.95809700416106
id_whkxth8443,18.52547761922993
id_r5h0grolrb,17.926095249569553
id_gqz444p0t4,14.911955330197717
id_cm6tbu9klf,22.881551789205478
id_6gaw1mpb98,15.189943724051416
id_mi6cveknqi,20.59574056832672
id_hrztm9t3ga,15.593902991534229
id_2f9mvhe5a3,21.168014240038058
id_yrz4dphzc1,16.142662002187993
id_zngjgoo2dk,17.01557191280781
id_pxwxzopg5w,17.773284102818273
id_c40jzd2xtz,16.8827548661051
id_h0w3y9kfum,21.473312352356523
id_78loal24ig,17.672998299315516
id_a6zbnq2jfl,22.23402069632158
id_dwojdf96vz,12.36924093959828
id_kh8t0u2ykn,12.342160714111612
id_ulncgfoozq,17.827568628755458
id_bhaumyn0jh,12.863247878692842
id_75yu6r1ix8,10.31486311357206
id_nvx1ah4m6e,19.529917621898385
id_4szygx4nu4,18.58334665998986
id_cfhk723676,23.894643974593183
id_rt31sygm68,8.764018810773877
id_dwxwdulu8v,13.20956788052538
id_dclo8jsxow,17.102924288200956
id_u0imoqh2c1,19.95436372727491
id_a4d6g1lekm,9.134249782126613
id_cwv9ah2kuk,13.85364140388839
id_1583r9rcn9,11.756181997506141
id_55v93496t3,14.47743488264201
id_p6iewno0go,25.75325524434681
id_a3wluzck8n,20.568538135775714
id_tg3rfg73mm,26.987501999738452
id_haijdo7a8j,12.284236658551048
id_aukksta5ut,12.592073664530911
id_vwfdch92yw,12.855972193944877
id_vr9rjzdio6,12.19323686273023
id_hq9rjuwiqd,24.460452582705074
id_plkyx8w8df,34.969338680934634
id_mps4kqn7xr,21.927726445825687
id_ohn2jvlaqc,20.64486080924536
id_r2vvygjx7z,28.812643639556473
id_8ythlcs4u6,17.3436634534539
id_wgho99po2u,29.21602969850325
id_y9o3zgw71a,30.38984420668303
id_5lp79xg2n0,25.68454036067872
id_vni712633p,27.602917413758043
id_j2425ljqo0,33.454833683313716
id_01j3m051aq,42.241810193665515
id_r0n1tbsc8k,36.05023890414202
id_y7ffq95y6e,26.751273914259208
id_hajr115naf,23.478087882268053
id_vvmmry71u1,29.753941879408146
id_vp5euuu0a3,23.41848465778789
id_cu85lbcwzc,14.804432604862063
id_p83lwl7p4d,9.710964240421497
id_xnvv8228h2,15.186927243676413
id_t8sup9cci8,11.090295066599788
id_ryshnzfv4d,14.48352359602062
id_h8xe0d6wnr,12.607322041137484
id_y3i49rn3cl,15.426479109026538
id_q2e9lqyx5a,12.245287052833328
id_rxs1idu9rd,14.403098332657796
id_4oegd66w25,13.714936126811873
id_bb5wq93x8f,14.453449718910342
id_52ecm6umwm,13.702494353003736
id_8dwwuytb5v,9.23681878462477
id_zzjc7k91lz,13.429859133110513
id_13zklidhjm,9.700579679398542
id_3987oyytgm,13.962824909226713
id_vrhp90mg8w,19.22113634905726
id_qxd7crl1kv,10.898346295341
id_c3yqmpgirm,14.597774154320213
id_m04u0g3jmm,14.641703560904432
id_oh231618a0,17.13972665650457
id_mq7wn4kpnq,17.555745754039958
id_1s9kt1d46m,21.51050312081856
id_o2jovbwixk,19.310738607834768
id_lbks4puqps,11.924176452183833
id_s12qsk2fm3,19.578169311856072
id_oy724ak7cq,25.01067065912462
id_g27rgw6pl8,21.0101887000744
id_uvlutbrlhh,18.73513549553417
id_uejyos5gh3,15.560785369801508
id_9hys0algtd,16.629707668586196
id_ga16h299c7,16.54584882383341
id_gxrrg3cnlc,21.73647391928486
id_7mz1vu7g4g,18.76080706282801
id_g2fmh836nu,13.419220864230542
id_yxk6h4ayeh,16.551663698144832
id_unsewqvn1a,22.061767075235807
id_1e0dh5jqvo,18.54782217218234
id_ieyz0z6h0w,25.272338753995346
id_t72jq7wg7f,24.564055435577334
id_h18rx6y3e9,23.762840636750752
id_70v67oh9n6,15.245907440648322
id_jmw9nldr1w,23.23656499168557
id_484spy9w6i,20.430493827070105
id_g65c62aekm,21.99990076656247
id_wv3teofdra,16.030546500384535
id_inx7pj1zao,14.21674504792831
id_ny05t5mh1p,18.349343252763788
id_u5tjmpvirk,17.982771942391015
id_svoeh6do9g,24.628880039718386
id_m25fiokemr,18.489165991198593
id_ot5b3e3mun,17.150575723704833
id_ssjjy0d17f,15.648999138824964
id_yru4k5km7g,27.464454611905563
id_gr9x49t37w,23.02129398919963
id_dmyl2a0wte,17.98303884457152
id_hc5646p82r,15.576614065719744
id_elm57z8vqj,29.53180980461214
id_u0fstcz8di,19.454123794377914
id_qttfy8k8h4,21.826406187697877
id_o3axo0etr3,16.661458210416328
id_2q9jp9vnu1,13.76019766540134
id_q6ms0le9xj,15.769633275823685
id_f93eoya8id,19.577341564372897
id_hueq8wmyii,17.497420507305147
id_lf0lyj77n1,15.429772694569994
id_luf77c9for,14.50825087532648
id_d0ssfcbe7n,25.418109367312933
id_qec98cuhd9,19.00914346099406
id_kj1jee85qf,21.442561116562306
id_tegcy3ymge,20.850073875421312
id_qtt1ub0cqr,18.7662710213091
id_f0n6fd1fzf,25.204317753465357
id_h1ar66egyc,18.732822119721575
id_81jnrshsul,21.917164781061828
id_jcg12akmp5,19.20143450225614
id_aq2pxbmh6f,14.290885334798542
id_e0qqf76fzh,17.271082700838836
id_wg4g9os7j0,23.780625704241256
id_3oodaxb9y5,24.603285162981148
id_kbmagd8awo,19.655135696286195
id_j9h3i8oh4m,19.738398159949533
id_hasyime9kt,19.15593214564141
id_sp1rci8n6i,14.85721621502239
id_pyl3gv21d1,18.7028564284869
id_qal583nrjb,13.307899145635158
id_0jahn21yg4,17.414666636521986
id_cdgc01qbv0,19.14972172593015
id_i6rcrq03t3,20.12028201597333
id_8u55jf04b4,18.31677767332648
id_m6pipj4ki2,17.372914480745138
id_gy8s836zbx,19.640974592121832
id_0uh4v68wol,17.12250743611894
id_7fcx2np47p,16.196560746630322
id_6wr20e0qhu,13.804011704843726
id_tof6i4dxr8,19.9252602357733
id_k9y121i3q6,21.91055898372773
id_ufnloy0p6l,16.46972703984244
id_bmbz4ag2h4,16.93102703099545
id_66fiqi3hb7,20.96465188656769
id_ao488ekn63,20.095880073623825
id_qa08032ux2,17.080355545825213
id_dksj4loxk5,21.23100658962541
id_xcnbk7we8b,15.087260661875929
id_d01xs14b12,14.932688864679704
id_gtbikppc9b,16.948562328815058
id_vexdtontsk,17.10929854740386
id_i2u4lru5pj,20.711586437824536
id_jd4dzel6u7,12.979634733745767
id_lpa9r07z8b,12.004674516706574
id_51jaijw22u,10.481389709428377
id_banl3q7xba,20.282212458641176
id_vutwngujan,13.269492709581039
id_8ymb5tnc39,10.28444881091631
id_5o92himecd,19.205349750360917
id_j65gxna4nx,27.74131592320856
id_ox2wsaw3ia,17.827568628755458
id_k2707sckem,19.016877427376677
id_mpj0lnxacc,36.02065195533285
id_xp21rc9wlj,14.812495272421724
id_95qlrnfn3m,27.411470352265972
id_jjc390qqbh,13.255229739409659
id_5q6ntj5feu,25.39299615712658
id_ulrzxc6or4,22.53797158005859
id_wyvwl4bqdu,19.279981037074457
id_f5b42pbalh,28.183126933835393
id_3piuxvnarz,25.314735660988223
id_ujdq27dnuy,17.74812789558073
id_o3842mf5fv,13.011726005874444
id_vt4p2wegs4,18.421994295440953
id_z4g1p19t95,10.82659436995692
id_bhmbzfmckd,29.224052989041738
id_lx1nwyvve4,27.622382538196682
id_4nsm6zzd4h,11.396908699739626
id_9jra8eod1e,29.462568795413485
id_qbc2s39kpt,21.27857078345986
id_hwtnn2m6nj,26.987501999738452
id_xmn0zn0jvp,27.444044248942536
id_5022yedndd,26.28485009508647
id_wdxog5yev9,13.517631048765432
id_aokky0eeqq,11.80394317584005
id_1929ukjz7m,26.432510462866425
id_6ezdibfpl6,31.132137980856637
id_muark7nz6q,12.757767069647224
id_l6s3otmx1p,22.727167912551288
id_evzd01c14s,26.814275616381167
id_h40j4g6lko,15.321016116389258
id_kn6e9u36j4,29.21602969850325
id_8j6zj2o5v3,31.299264682763408
id_mdql0oe5vo,26.427868946195023
id_0ejmzowt7c,22.00276335785376
id_l7koi9bqvu,36.09347327110749
id_zq9peruavc,41.435642384160616
id_w9vfge8zvy,36.57390221342052
id_m1u3t8z35l,32.064682221608926
id_2akds1jali,23.257560597559692
id_wejvfo8xac,28.114043176187064
id_wdhrtx9pfs,21.08248115479407
id_ss8ixmpjdu,13.12188465068943
id_8v78f3tzgd,19.836413624791984
id_1mnkwpnpkp,12.755604376237224
id_jxl5nffktz,13.428811920722998
id_k4hums63fu,20.80926922352206
id_cb40n09vwf,23.61703920308967
id_ojvdj9l7ir,13.169210321231283
id_8xzd5q9b2n,26.14720510380432
id_a2oil7cfw8,13.787387446546907
id_3eb707sqy9,9.811515588379887
id_fqpoallv5t,19.425208013143198
id_a0lghu0yk4,19.119155822616616
id_2s5h4jyu48,14.507831388998245
id_tfr1w48698,20.168769484419496
id_jw7cwte35h,18.166686075018497
id_4myw2ppn88,20.82784199494422
id_nu2j6ezn8a,20.238874325787474
id_1pi7rar7w0,18.333697880254082
id_lp1eem68uu,21.09445460774448
id_i59r7imuxn,16.883243208014214
id_jfhvjfzvfa,17.789355450314265
id_co08yelk6i,12.614822891426392
id_ozh35h3nct,15.678729992542138
id_cf9woqagxi,17.61484140696129
id_4pbhg788eu,14.029140588382827
id_xqnx58hv20,16.86293626738655
id_g7e6fyre5k,17.094892226974604
id_i5kwutfr3y,15.760563026430207
id_xl68jb742r,16.81255529051377
id_dcvf785h1y,20.60424579326738
id_n38vpdzrl5,18.56789243319768
id_8520840u02,17.605239713246604
id_27mp59yu1m,12.907683325635613
id_053nn3pbfz,20.032011591888935
id_1hkqlxmn2v,20.62726305995531
id_h8b77jfadh,18.27007170296908
id_ohfvgfke8w,18.592792172284867
id_i89aiadf4j,19.218012403693905
id_dczobb4ttq,15.459372224204083
id_xu9ib17loe,25.885260627889398
id_i9njn3noh7,14.933091632358254
id_90v0etup0d,20.367554924879236
id_9p6b0j3eu6,14.80265909833396
id_xbtp6hvq7f,18.866652758416482
id_4p48d96fhm,17.913318662196165
id_34ll84rx9f,19.676501281521848
id_xvk1eas2cj,24.006553633064414
id_u3byzh8on6,14.598149947457877
id_9mmhnd07no,20.55177074226435
id_tf59fmc5uk,13.902577159822695
id_eu8lfqr566,20.369308927487804
id_quspwoer1c,19.575196611849176
id_1udgdtpt4j,18.971918376094738
id_mp1wgahaac,16.89898414692878
id_ah05rwmnc0,13.741621691434752
id_99pzz5yuak,15.180513311579045
id_sts4gl2h3h,13.190045950634175
id_wkw4zd0vo6,18.575281106504907
id_42mzemmqf8,11.681677113706598
id_pfup6tmwcc,31.70606364743724
id_g57cpderdh,54.264450585682425
id_snv67pqv74,28.279234422831518
id_9htd0dd4o4,17.554515690203985
id_wvy11x9u8t,22.88701283195642
id_biytotjie2,16.13804907860846
id_xtb5hfw6bd,28.662029336445734
id_65l5hak91b,30.39825385275668
id_16p4qjzi91,23.041762161548036
id_fa6j0h18yu,32.38958245165158
id_0hpi956wos,18.497118094498695
id_6llaal44lz,23.67954772023227
id_bg7586se6s,19.455668180109566
id_dr24ka6xxv,35.84000119112422
id_zova02slaz,27.79814994886183
id_4aa970r08o,35.64303716043823
id_5v2k81ndi3,34.41316815506261
id_w0w2t7llmy,44.49962373227526
id_3v0pkvcpfh,17.694404373151315
id_5jyp9jh31b,24.915290249540917
id_s851gktvnq,26.044728810540853
id_0c31rjprf8,26.423892684863755
id_iclf8934dw,31.39455724584517
id_i0kzmw9707,27.282501352580756
id_mh8gne9yti,53.7814555250225
id_ztrwp444jx,40.329183192210266
id_7pzbvg9uxi,25.721939765938345
id_zyh4qgghaw,33.93876457025753
id_tirnjget2u,47.611820966406945
id_f89ptvm1ms,62.480050291219655
id_s5dy4d934y,55.08164223519253
id_0h4f1xrjyj,58.755001035665174
id_rbat046yjy,40.19070468645764
id_6o66xnm1yu,48.87181273857021
id_lv893wwhs3,59.21283800093035
id_t6381wgsi2,51.75926934579456
id_sgt84ewftt,64.864864942308
id_hbt3rrighm,55.82726944661034
id_gmsjw4fd0u,72.21662431611755
id_rfko1do0hk,9.153953443512865
id_zbl8jgb2uw,13.951048382214344
id_1syuqnv0zf,13.533339267592739
id_505znfwne9,10.737258920066536
id_64xsijlwga,20.322745086482435
id_np7zxu024l,26.028431661764053
id_72gfwpdc4j,23.320270631756884
id_0cmp4g2ubt,15.543604118454489
id_e6wx5c307f,15.470397261372662
id_05luzgibct,14.859061749362297
id_13vd6nfqlg,12.816128180651955
id_dk3pcbei6n,10.37229512721829
id_b98ce0qkq8,23.118202443602815
id_dul45idm6l,10.489157233039638
id_t0xjo4dade,24.700305535424068
id_nk6tuv7y71,14.309897719846248
id_eg12ovcwpw,8.359000825254705
id_hlwwfh3qu7,12.778359048320318
id_kkhhupasf0,16.076317341118628
id_gnh3lx8tp0,26.819640982104296
id_k9sufsvlha,17.586402491157667
id_ars5keh0vw,13.309713706407587
id_r3gn7hnst8,17.24924779533196
id_asxb2wtleg,14.485364163132942
id_zbfwtwc0o0,20.265627166104572
id_y25nozzr46,22.587624387101922
id_hvslvvau3s,12.898454308952786
id_ow5f3qjobm,16.34780484642803
id_afzc6ul1wy,14.721090418170553
id_xk9bv6spi8,20.46199316733714
id_cd4wv6i21d,21.424002430639625
id_lhe7t7ml8n,16.584066518669754
id_atxrpetdw3,18.863795415318865
id_0aj1mxix9q,18.049316147691247
id_no5yjlcm3g,17.383521333193062
id_bjvx3ng7q9,14.981321884547505
id_uvoli7jkk3,15.847247009975405
id_8le9qqlixz,18.584609840650522
id_a3jcz7fc27,23.368474523370445
id_793ke4x5e5,18.722701596887703
id_loljxr0mo6,27.120832087118593
id_0v8evpy2qs,18.95362057961246
id_0bmqcvks9i,18.920458948664887
id_ug9e8wl8h0,20.394712580136087
id_aonmnfwfqw,17.855322894290392
id_9h7w4b7oww,15.260412418710024
id_6gxul944md,18.91459495413238
id_8y3pcwqv5b,16.657310194421427
id_6gvnwx27b9,16.345169240096844
id_w0zxvghizq,15.259683186813392
id_wmscdo85fe,15.42071364506509
id_xrbsdkk2c4,20.627316486061627
id_pcqx5u6le6,21.871780971110162
id_6smk5au66q,26.010115549080517
id_xmzhq3a015,20.301223908359983
id_ueml1oc6xg,18.324852545773478
id_tycn46bdt5,18.161372944985516
id_uhm4o38ksa,22.561494138181047
id_zz4zc4dfvr,15.049629159608923
id_3dps54vf0f,16.536538894033818
id_hp0ejuyv3t,19.52874128818896
id_qod41j7e0e,16.620634532783527
id_4s4s9ljllh,31.909310408557964
id_8vmswwvy31,21.589886622850912
id_hgbeyzbqa9,14.705403991048662
id_9eazgq4i93,21.586642113162938
id_15tfvndhja,16.46570153578568
id_akw3lvhlr6,15.564643974767206
id_pdrnzevlv5,15.887593675570512
id_k786vuzcmw,21.216679984288003
id_ii36qck65t,18.204309127432627
id_luo9wejxo5,16.352088934518896
id_dv7y922sze,18.10792659344835
id_zcs5e5jjv3,18.32196562034316
id_nl1ahmmrsk,19.975557118850837
id_n2j1w4zr7n,14.079138535090935
id_edhr3ruhca,16.10672728297349
id_gqpsd6uict,15.117487796258965
id_qowgzlfn74,13.416924068556389
id_qs2l2xtdjm,19.962436653437866
id_4lrdvrygkh,24.13415896841833
id_auybt6kold,16.916488375646136
id_ufe7g778jt,19.638964190268748
id_7324fwd9hf,19.44220506652573
id_sn73v8vz1i,18.83870365881192
id_ojcp5cpvj0,18.107583333894627
id_op1s93i84z,16.537952045119873
id_io2lx9odns,17.907701484552618
id_06zbl7jtc1,14.394866536880256
id_1ttiqk66yv,13.735102842120313
id_4pt0caxqat,14.979564624703345
id_ws58vo2yzn,22.158127016250074
id_tce3ozp394,18.206954291368476
id_q7t9b05o1s,11.786229382667411
id_awrm3qdtbv,12.414630191156132
id_la85j0outl,27.396023071635227
id_i6yqhfapf6,14.113596683475315
id_snwy8kzkae,19.81782879376631
id_6v79axy48w,12.933580616720478
id_4t3anhqio5,15.716574628064038
id_q74mccdm81,21.27106821152255
id_ikn6e0mpzz,16.640201153313118
id_v8txb18kd0,12.462493627990112
id_audlh8gjcf,20.861498999990193
id_zfs5kudqv5,23.762544273592145
id_rz81mldmne,7.062080797172287
id_h4oa84i9r6,14.232552214618162
id_htkc980daf,21.46696874400367
id_66wzrdbk8j,12.853795563833467
id_p8oxssnqa5,23.937239321541206
id_thd2r3g438,22.853174098092882
id_8ac2fo3bzi,15.86862858669987
id_9ukm2znbos,22.524775824033966
id_vq9e0a0452,18.486529104549316
id_8ao6r0by2m,24.498547784752077
id_hgrtbz1nsy,35.37976518236961
id_7dyx4tphmb,36.818884190619066
id_int2pnz27d,21.658976051511083
id_1gi9fmazsp,20.227772853125707
id_5dhzpnfsc8,23.913745679583275
id_olg30s5x5y,26.709068259936707
id_t5523jtnh4,22.214475033501618
id_vqcahchrt6,36.655343107167084
id_fk1sa9hbwa,26.92515400910703
id_ok160agwht,19.34234145444222
id_xu17k53yq5,31.225021677488897
id_xmzcqauw3k,40.512705605584074
id_aour5rgxfv,20.157208923120784
id_nujzd9pafg,41.99223404425387
id_icrv4paofp,38.34889866736924
id_9yatzebc2c,36.42936370002063
id_gtjn6hxle0,41.60442033166269
id_m6f7hnj4t0,45.222153449154234
id_1v1fi85h14,52.46042652602424
id_7sp5685ieu,44.89133275927689
id_liqr0uwqrd,42.76613391654352
id_03lwil97qb,48.703411188294936
id_b3j3fd3rmh,14.496973583139576
id_sifhxybxky,9.571523769503509
id_hz8r2su7q1,11.540778881843229
id_idsihhjz6g,15.495152955325786
id_o866qvk74p,12.313628460354686
id_0u1n7gtyxp,14.404799870948949
id_lyrsajp3xp,13.395127570429125
id_bzccsloevv,14.706234182666458
id_9c9z014n0r,15.635880222032903
id_0che20octp,11.10031543190327
id_8lyeumoumq,10.96444677328275
id_9wiy3lc33n,14.606972912990946
id_9a78zekrny,15.850939004370577
id_59yb1kfkkt,15.639036275867943
id_5qugn6f0n4,18.67941405301773
id_ch556d7iza,25.46717791158083
id_yljh4w9iu6,19.310738607834768
id_cngpsdvk41,13.339722361782393
id_cpc394pksr,21.67466833881593
id_9e8yludv11,21.08797819775716
id_wmvjf8lqx7,14.071176814961731
id_fxa58eejly,19.821015697918998
id_lrnh9ds8zh,18.38280776021847
id_14c1s7ewjb,18.368854415016852
id_8h35d7as03,23.810106917611385
id_pirch232ad,14.303101531803371
id_l2k4cwt2y4,18.061429325243502
id_bv77jcdr0q,15.406235754680393
id_fdqc1chspp,20.767500970910238
id_62ln78y7zw,19.738190474759296
id_r6uupiy606,13.635250657052131
id_pkr851vgsb,14.196470914349282
id_5dt20d24kt,24.594392758818227
id_14iduc4f9l,13.921921281910905
id_s0oyk7nplc,23.292764327961407
id_ohoxj2ghjr,16.816566553607547
id_lx42qav5js,14.911955330197717
id_7y4q699t9l,10.796113624958654
id_dp3acipvh6,20.12028201597333
id_t5pefcc5b8,17.01557191280781
id_lpt30pg4he,18.945837233403275
id_3t6sgybjdl,19.61803891095373
id_9n0a6kx46d,21.144907271498692
id_slvqhia6kd,15.469234271223188
id_8ulyzkbx2b,14.27398541725624
id_jo0fplisra,22.65584458625011
id_dy11ridu3w,12.482981781996719
id_3qf6thp1zq,25.12935806994482
id_irq21mxj78,10.31486311357206
id_w2cuumaw3w,24.855093624190705
id_nwr2vpkoe7,18.58334665998986
id_u3ih52igtc,20.902797478100503
id_o1esa8wsif,13.20956788052538
id_gwxneemm8m,15.421299702331261
id_mktr6ix79w,11.081398494224072
id_2ptvfeal81,15.807196982472806
id_elkdukvihq,11.756181997506141
id_qwk4cugilm,11.342024483962884
id_1oz3u6pwhi,29.462568795413485
id_y0xvef09vq,23.853112310930538
id_23gmc7gsmv,26.52778334776784
id_r0m6c354qj,12.17997138661277
id_r0sqad4l78,12.508783966172711
id_ghdqd5jsd3,13.460130167926897
id_x8bwqtepbs,12.579627958823226
id_ya5dvzycq5,26.93106247101861
id_9wue1vw0je,33.13673075942985
id_cv0ocjo7yc,19.57498790083074
id_tembu3gfxi,22.08994228031651
id_jtuteue33p,29.120685314839832
id_lzg90mlb1v,17.3436634534539
id_z5sz4wfbb3,29.21602969850325
id_po61337o0p,30.38984420668303
id_u3ds0qs0ja,25.68454036067872
id_ux2weabz73,16.88278710309285
id_8ew9nnhjzb,36.09347327110749
id_lpk5vf71ew,42.094288164843555
id_haz6ywphnk,35.76345378212046
id_7r1kfjjh14,26.515079714720937
id_663tkhfuc6,23.273420899820014
id_z9c1h7fnjj,29.753941879408146
id_9dx037ij0q,23.41848465778789
id_f67k2oy6ky,41.292553925664826
id_cphmkwhhm1,39.53534540158012
id_jhqjrinix0,45.426143201648735
id_n5se9alz2t,40.71358490749495
id_lcbe5mxkum,20.39087235219097
id_4fe6r13wal,16.288684546153913
id_ijzj8r2su1,16.058979873615662
id_msz2inba0v,21.55188575444425
id_qd11jjsx2b,31.06983810449081
id_b47e89k3ve,22.05306458624735
id_7mb9t9x9tu,27.738500741404202
id_mvbhi84jmq,28.94517745777345
id_3yqqem9nei,18.806742092891493
id_ivvauoj9x9,33.999556096064914
id_3jy613lg44,24.188057405012056
id_m91x6rqccu,23.437400285683786
id_8q076jp0mr,19.10977599529138
id_4zcmj012is,25.04179883004548
id_kpjiqdh6zr,16.259612212696013
id_dfajl055xn,26.029057786710304
id_frm2rh8uv4,16.306149985093086
id_yo72un0uym,30.076552425567794
id_wa7g7cyrfb,17.554515690203985
id_c0600luvkg,23.279834602353606
id_55u72g0c0l,16.13804907860846
id_efc4gex2lq,28.662029336445734
id_cdwfcwcj48,23.685813063561216
id_yc1gty3xqz,21.808504252104296
id_867am351jy,32.38958245165158
id_sf4b9w2jdc,18.497118094498695
id_vsa8h55f8i,23.416023169395068
id_ovpfocbku2,19.455668180109566
id_xbgzqf0szs,35.84000119112422
id_15v5x12fo2,20.614465010285105
id_gxgs0b70cv,35.26764446320289
id_g13m7fp2dp,31.630955782363852
id_cav3ox8jtj,44.532462462661755
id_vhu174dncs,20.68883557606476
id_o6tcsfwljz,24.915290249540917
id_98jqgum8n2,27.481613827917347
id_m9og9r3r2y,26.423892684863755
id_abn9ddpwtj,31.39455724584517
id_4zxljdntpc,27.451742961047486
id_y6howqrmjh,55.219269621199516
id_5ke4foxu8k,41.80855423885325
id_hjqgkm27l3,27.122628555028506
id_f5i3m6wxqj,43.34727381492026
id_j8hsu09w89,51.22107601357338
id_czurwxut83,57.26588168726128
id_prz1am7w85,55.08164223519253
id_8bkmhgqh7f,57.733463864788625
id_yz3ljcsheb,40.19070468645764
id_ss72nbk35w,48.87181273857021
id_gix31lwz9r,59.21283800093035
id_n5jqluy02q,55.85280251958942
id_vsz8smmdv3,64.864864942308
id_hg0e7skz0t,55.82726944661034
id_esawyovxf1,72.21662431611755
id_hc62abtu6k,14.94311718893078
id_r8r0rkheji,16.770143257676104
id_xlindtdnz2,12.37585225322237
id_lnjrpbezhk,14.05297302447243
id_mgtu4ilbfd,20.430493827070105
id_5xqaypkkvs,20.904895398948245
id_w3so8j4bv7,16.030546500384535
id_7w1zp8cjcn,14.21674504792831
id_67uys7wrv4,18.83382519725215
id_r17gddig0j,18.59320612387032
id_e3vuqck2h6,18.489165991198593
id_fhszavu8ax,14.969368543374637
id_luamixbkgq,27.906951441955634
id_kqm2f56xwc,23.02129398919963
id_zyxetqm6wu,21.072037397430318
id_dz8pj6oclh,18.489449888261934
id_adeyv5o4f7,12.114751158668767
id_fz6qqj1h1a,28.530280220362016
id_n87wj2ambh,17.394337832428366
id_f70k3emlx3,21.250397130630645
id_vgoievdbtz,15.180562065855653
id_zh20dby41t,15.353253734543205
id_8bvi6lu9pe,18.14645632115853
id_q160zgg9me,18.344189806117008
id_4626is4jb1,15.274806738641486
id_yb12y6lzfu,25.829376183905882
id_q28sbilqoc,21.60043888163082
id_tum04j3i0k,15.583011577147053
id_rmvr6nrclw,21.75815635883571
id_htvqxawa72,14.762536298681761
id_fz1uc4v5j0,23.60082335538855
id_7b5p3b0df6,22.955336555402297
id_2g79ep4pkj,16.50234760651627
id_iqortjdma0,21.319437647330197
id_le8f4g0pzu,13.82207528409986
id_ekpzp4t5c4,14.811341056691033
id_gesmljsvjr,17.732311151379474
id_psei1suku6,15.522039693755941
id_hqwm0196vz,16.901312840149238
id_69rxifzt35,14.235763748413037
id_4o96zxaznr,21.917092223002488
id_3wrfo6380m,18.31677767332648
id_1fty7ttimn,17.38008938166732
id_c57ji3ham6,17.088246818754655
id_wvw6k6vp72,19.9252602357733
id_0p1s7vp852,21.74031082314684
id_b52rchktoy,17.73458165893662
id_xgf7g7nfe7,16.93102703099545
id_sm7nxaxevr,18.849111216882115
id_pyl58w1gtb,15.966636350298431
id_nqbx4rommx,19.638567092829597
id_19wzlmlzng,13.280269624010453
id_z1hdqiwyma,17.55556295324439
id_5mgd2i895h,22.14386290197033
id_60a72t2cay,11.38233914344382
id_a66evs0aqw,13.61864228298818
id_iuiyr65rvv,10.481389709428377
id_eaknqbzf77,10.354023064807198
id_stb9gc066l,29.22200085696577
id_qaykme2vjm,17.827568628755458
id_dt2xwaz5io,17.391919123962122
id_733wbi020k,11.32508301231401
id_m1jmaidc1m,21.045843689382103
id_iq7tgns55s,23.64315108463856
id_fyy6i6j06h,24.903764828264435
id_anv4htdeo8,23.894643974593183
id_f1xdbych81,24.822537452066904
id_vjajvq9znt,14.713649144779572
id_sqcw91cgln,12.129962260240855
id_w0kn8lsfm6,21.23286125515015
id_d0y2cmg99p,10.703696059321015
id_c0lde7ws35,30.67995159016928
id_nkpuzearf0,26.55803003292479
id_dny7wqpwsi,13.25957940464948
id_mut5ylxif1,27.98873542071463
id_6v6apoias7,23.891258793323612
id_aanbewd75e,29.53576516078287
id_g3wrkoouk4,28.56528403433931
id_nwndwrpf8o,25.610557814727954
id_21ug002h0q,8.332146779192879
id_pd01tyg62p,14.075613058653216
id_wcb0ckggc7,25.830296414016303
id_3xfe9y6qy2,31.132137980856637
id_sg7nyshurw,15.34154110939048
id_fl01fpudeo,24.110109664130846
id_oz6t207lje,26.253979968645144
id_yq2em36nu1,16.51344107475848
id_fe0mlkkqtt,27.72529511106965
id_1lzokw7hi1,29.60214276580209
id_1pgeidv7p1,25.87387653257334
id_lbrv1ljzfv,23.151674402682254
id_ws4vk1maeh,32.693526070809625
id_lkjm5o21jg,40.678738362197116
id_esgom4jjh0,34.79072350336539
id_5wgz7hxu3q,24.786250527659572
id_ce45fi3i9r,14.822991600783116
id_e0fmjam36n,21.361010441863925
id_t9gpc6cl08,17.554159272115808
id_4e0oh24nij,14.215548603014522
id_wcvcujkjfa,18.96547686137366
id_959hw03dsc,17.895522680634866
id_mfcbkrkwil,17.513397746162408
id_it7jxzllrd,24.28283719756853
id_8stz7b6m3b,17.232700292625555
id_6w3q8g9iws,15.896729159312745
id_w0ee2fe65l,15.329978033663236
id_fhgz7wzae3,16.995684487011523
id_w2rchmas4e,16.70199303719527
id_jmo9wtwu8m,10.818668996298888
id_uerluxmuy9,22.630974475449772
id_22yl0qw8q4,11.53697619655507
id_a9oc6x2g72,26.477155284684546
id_qbhgqc4yet,13.078622361738978
id_rn6vcvicw5,9.811515588379887
id_ytcdi9ix3q,14.66313814477249
id_qzfdep9u3c,15.969327088981146
id_33pv489fe5,25.649260060443964
id_u1gjjizqyk,19.033203666314172
id_w4rf4iv383,13.96879194626706
id_3zb1zekfcs,17.24924779533196
id_ertzpococf,18.22939885770196
id_y6ouxkmf0e,20.36067131195956
id_q4dvl9exoc,24.121766955527733
id_imi2dyvmxc,11.198889909245406
id_8flbm45nba,19.425898861983164
id_0d93zxtus4,14.721090418170553
id_xfxo3cb3tu,17.012417050422236
id_h8j2nrpseq,15.823162333472833
id_4gw4m9unp9,18.009210403940067
id_8lqfepep8r,17.577930190999506
id_lbql83v1pa,20.064965275332046
id_18r3kupks1,14.369973333186095
id_bz3fcm9azs,18.533039449861153
id_vxwc5l36hb,13.56362041016162
id_1m3ayw8orl,19.0193432376764
id_n7s22ti3u0,23.085452599173664
id_7ml18gt65i,19.06652532906605
id_pu8pv7gwz2,25.082676184900308
id_ru43es0zjg,20.68008950967164
id_n2y5dyb90j,16.81255529051377
id_v6dywtd3ti,20.60424579326738
id_gpm9b55dkf,19.415488232844947
id_envkemqd97,16.48449598002126
id_rm0pa4kk4k,18.894599288931992
id_s1qxkd8ot0,17.14062259282221
id_bwv1d5pcax,15.118463693025728
id_cvbktrmvyp,15.895511153411615
id_k4zxmef1ve,12.974457277882456
id_61jelkjb5z,20.51475691141313
id_0zwlyfwhg4,20.131947847231217
id_pipj3ap8ak,26.010115549080517
id_84xzjh13pi,18.525351614521725
id_zxct0q3dqx,19.26810966899844
id_5vji53n55u,19.701987772907852
id_7mup88cw2n,25.993933250867972
id_fomq0iryjd,13.9990295333963
id_5mq14kf61k,14.933091632358254
id_6tfrbtojwh,21.631607057588745
id_p1syd1j82p,16.381600070979722
id_2efu8wsf0t,32.58336993241772
id_nf6oaj6hmc,21.133995489272586
id_6szo04nr0p,19.919842477847258
id_k3zqwshvxx,19.790726646999925
id_xb9tzd4tni,21.42686878844513
id_1g1133mxj0,18.4579187668942
id_l51e1wtruw,15.955776949209248
id_qgc87e79ko,23.305099320662404
id_2efd5sv0eu,17.381214632814217
id_93di8172pi,14.598149947457877
id_b8vvdmeitn,19.03957180715903
id_ci6fg1tigr,19.254299110515717
id_c1zgt77fyu,18.935505360616528
id_78t3asrjbf,15.75908570746546
id_6oanpv3bs7,15.862171270225872
id_zdhxor1yx9,14.549947607985773
id_hjug95reos,14.39490640540519
id_q5y6b2vxi5,20.369308927487804
id_lmmep6vt6f,24.13415896841833
id_ur485xrowj,16.88851690082878
id_yh8jpakk4u,17.560481356122917
id_xfom70rd8q,17.76071135153826
id_cx4og6dawq,19.404779778162474
id_bxqjc4lu8q,16.45632810224205
id_dfkdged93h,19.625091411191946
id_wpc07nnnn9,18.606305534927586
id_3w6yxmo14o,15.768057795897946
id_9xhx7zdwqp,17.728913053228897
id_fkcu4ryvmb,13.86847623345362
id_iydvhqnjpg,15.461005982108167
id_xfd5bd6mbb,17.55185360174468
id_pnfc3lxqxw,14.953943933678982
id_2fi5bq6vwj,18.519245363842746
id_6viyil1331,12.356616877581228
id_5gwjmv15on,12.363299469080346
id_76bk0rtwtl,21.780355674291076
id_f60ku7tfev,17.049137395419944
id_h191utquex,22.412307786899216
id_wi04z29d3r,14.814076098045708
id_fbntyg7wwr,13.040493517468532
id_v3zrqsqzxo,22.394404519634318
id_bw1b95righ,20.416530143852484
id_zp9ylpq5fk,12.170429005182417
id_t0g20s1n6l,24.268932259409706
id_dktjg2pt79,19.922188846142742
id_mik9bcfz5g,6.232426309552454
id_t7ahyyqmpl,14.460453876872013
id_mu6p2nd1yv,16.032769092790325
id_lff5hw3ol2,13.703679723250785
id_eccaetzkfx,23.729972793918236
id_z5lh6tnhu3,17.183716104564226
id_vg90abt8lg,17.70624827389169
id_b4kmym2z2e,26.078377100705755
id_a4bm9lp96l,20.1367289181826
id_ph0f1whio6,24.763666975474994
id_bn4murbtsb,23.5183825988846
id_mbkfsw8xc9,37.54500944971755
id_e2ybasubxp,19.743915803348504
id_6i3ti67p9g,31.505992158445082
id_bec40ri158,17.754278063989034
id_zacj6i063v,15.537502811853566
id_lol7o2igta,22.89727492853646
id_m2m6u5m8oo,36.813843903243246
id_g8kpxolorf,35.782235672191064
id_w57cuionsw,13.66742618791977
id_64x7iknxnp,30.66337555514802
id_umk48ombht,39.7084958767105
id_w8cmk8r8vv,19.871704848186226
id_vj0wx6wbs5,34.38503576943791
id_w7sma8wi3u,37.18005884576481
id_oqmb5rhi5m,42.548213501875175
id_i4y106oe8m,42.5849498411708
id_biglgqqok3,45.28743853070725
id_6026c6cyn7,57.43694055786053
id_ixvjw5pg83,45.425514666169825
id_w6kanjj090,43.94765560270457
id_qy2xteqn7k,50.828855829370326
id_6oi09e06us,48.97078889848903
id_37za3uvuvh,33.34306074116816
id_e1rym2u84c,51.293586909420455
id_85pjz4b5rl,47.618835281941266
id_ohyxbff88h,33.533800941855674
id_dz40i4pbqo,43.01817103726097
id_kfb0js1w3k,44.74597680486339
id_z6dnfzl23b,35.87003059173059
id_jkeoakg1zs,34.700274845773286
id_jvc6j31d7r,65.8844716019933
id_tp5jxexuje,31.98094423562701
id_dkv9vzan2j,43.038774352328986
id_21jsagai52,28.264384327621208
id_5j5wrd0r76,51.29913289353796
id_hafhcdf5fe,37.873845684112034
id_ng9duxlksi,36.527539753548716
id_1mrr0piel6,14.385260665370915
id_8dlgnof1yt,14.089136270318818
id_ayhykhxv08,21.55188575444425
id_5veb3455kk,33.11706180553079
id_0gw6p17v8i,21.668518392532253
id_h21k3oibhu,26.95955459548481
id_onax36r19z,27.15689450490413
id_kf6alfal6l,14.999578042197255
id_rgm4q6o0n2,24.17019710383392
id_051ag5i4ha,33.26225098834446
id_03ajztlcgf,24.596790087148666
id_h1gdh0ctos,23.418796735376173
id_wea0tzo38s,19.642756594344707
id_d77c6v7xlq,21.90311473081064
id_o5czlw27eu,29.00684701694432
id_z3b6rgvygb,14.969068377741163
id_iwwln55ll9,17.544538116872253
id_ctyaqjhqq3,14.49249358029499
id_bk5kqdpcvl,19.217085655208226
id_lcaeji5kvm,31.549599640919595
id_4iuroyo095,15.092035389426766
id_hwhg2nzcn7,21.890344288304576
id_zfyyzm0tfl,26.52587879369596
id_aks304uagg,19.04130209412542
id_5muf55bxe7,27.95722410985187
id_or8005ins6,26.173271741694865
id_5p0q5jonr0,22.505242816324156
id_qjskvygs4l,22.79085705239822
id_u5iqw2tz8v,17.372064744371542
id_gckh1uiy17,32.95710631656057
id_8uh4onl5v8,20.73978691074114
id_46wh4sy9gi,43.44383544393354
id_zd5wtd5tmi,29.22538973369219
id_8tax5ieqth,32.8083924499883
id_ouo0ii1gd9,21.721972693303833
id_ofkcbq4gav,27.93918443289898
id_yak2zy4o8d,32.95282519910392
id_lmj3zlydl1,33.45967727780451
id_r5cm1bhxkl,33.850437974638666
id_0zbo52y2xz,35.984476599569746
id_obd90peb73,63.34861529034854
id_yubp5ipspp,40.348272899874864
id_q44cbuudsn,27.122628555028506
id_kav1f2lb2r,37.57347021530031
id_gxbkwk0iez,46.975642717847805
id_ek9x8hre7u,53.39453077176462
id_r871vcfbl4,53.17837586674106
id_35iwrmt1yx,54.5369687281771
id_mgt3ob9nni,53.221368604054696
id_ata3d9u9ij,74.07453790171256
id_389jy0txmq,57.10311695270748
id_oaaxhllgnf,58.036645681612214
id_fpoz5ozfg7,69.06302169045539
id_hygp8jfsb2,61.48864234801629
id_tgmi1f70mf,76.8604614804008
id_8xhlkfw0vd,13.860628313579944
id_n02h09aa2y,25.44659900787371
id_vcfstyofl7,23.56512714534799
id_jjreek4wj9,28.87307951383324
id_x7op0k35jb,16.28873098125084
id_m0rro9r1gv,17.227574558445543
id_9ky9s3jqyp,31.630955782363852
id_ohpg2cpkpk,28.42666412109741
id_s13clcy2o7,40.329183192210266
id_2h4f3oh33x,36.64405523006822
id_lzsgsz7nuf,34.91491950767514
id_gnfl6qhq2v,48.23256316304005
id_izavvighqu,66.92354196440955
id_5mk7jbh470,55.08164223519253
id_y78kz2lj7d,44.88382019029394
id_r0jik026d1,38.444671611767035
id_4l552ar61j,51.69809400292891
id_yog4iw8i1o,56.81945328826797
id_pv5p2rds8o,66.20473314190953
id_1k5akrmzgv,42.432307729372425
id_ks7ucfmf06,72.58043856601043
id_15cuw1it4j,48.969203461796745
id_kfgdu8dkqk,58.76282733121767
id_aa4sqe4emy,33.06675374126047
id_zytuipkh4s,48.62383758036762
id_753xfgjvu9,54.40439490407883
id_lpvtn9w0zv,52.02419064005373
id_7asrrizo0g,42.58623383960194
id_8bwlfohvu1,70.23303037737696
id_1hy6gjm6kl,73.20423127479489
id_qsf30wtdhv,16.919313582912096
id_1uv0ibuczo,15.505641944450836
id_80csjj6d48,20.073403319965646
id_n1g3zkow2a,14.045902371793298
id_qjt5kb3u6x,27.314622937374367
id_6e8d5kqq5q,23.609384463018323
id_wvhdr0r7th,21.437729225941954
id_x5r3svy996,19.986810980256394
id_o9ggz31qgu,16.080513180205475
id_gv60syhrk2,19.933532698109815
id_g3j3o1t4sz,19.839894501075513
id_laabpazmxh,17.977147679058653
id_eho4ay6smw,15.054798143016871
id_w8nvwfcpmm,19.829130682892245
id_btnsop89b3,25.512588405098136
id_0w6dn0yvk6,12.972597881995815
id_gpznwpt7ys,19.45008244125029
id_z23dyz3slb,16.881835129559676
id_2ojx7eu8qw,16.884846054113353
id_98t8cdz765,18.415604075090176
id_8f9m9dleze,21.460216268292502
id_oeaawvliom,19.032684128920977
id_ov5yh9unz0,13.829088528440016
id_syrmc724fl,12.548062753740263
id_wsfou7xddv,11.006861031158314
id_gdrcof729w,23.89967609351936
id_yyeq995o40,12.78216467659359
id_mhj0m6vsoz,31.186848961310293
id_d51371db4v,31.834825718104813
id_nrt1xvsex3,13.925906624438323
id_e0e2p1877w,31.96969412776776
id_ezhbu5sh62,28.05695806626823
id_c4pskc8s76,18.361312882064382
id_r0ufs02ezc,13.204492025147934
id_hk47qerjv3,25.973791049850274
id_8qq33hqkxq,8.721871771273962
id_w1qz8bdksu,11.129307111164387
id_n74jn7d5ct,15.467229958015974
id_b2yadnldic,19.46713859617065
id_484yc688bf,11.884914183500742
id_5w25kqbc16,12.753122137014303
id_9n8atixf1w,13.256469628781455
id_5f8seqeob8,13.023727133525773
id_h0d3gkad49,27.17410733797696
id_g7kvipny30,21.877841337196266
id_hmwh1yqafb,14.207266061213446
id_xjzlyzcmgj,14.654349620450374
id_inhwqwpuun,11.910090201984717
id_wsm8a53caa,15.47410411108038
id_r9mlk12372,12.645840446365222
id_oisa8d97gd,23.93604265727828
id_6ab55sm71v,38.03764696007099
id_too46nmh07,17.799608854747945
id_r5m6g5ftw3,14.484450757281765
id_g6vqehwv9h,31.403924654463523
id_na1dwva2t9,18.4744741412807
id_nr83m898q4,29.99708090068919
id_588qh1lkgp,25.588297708380168
id_1k70mcdia8,27.76228778318221
id_4kvsbq5i01,22.808377224741964
id_u90ok9v1g2,42.241810193665515
id_f7jhr0tzyj,36.05023890414202
id_496ds7trwi,25.905423322456027
id_rjedrxh5ol,24.251694469855444
id_iznxqqg86k,36.16017152308649
id_r2nitpoo6n,22.65517533032316
id_ako3197fah,30.997863541195173
id_nprrbmfek0,38.323872162135984
id_bmxffkemr6,25.511055869263586
id_w7doelm7x4,32.49172617389413
id_8z87l1y49i,28.81624443314985
id_ebkjvn720n,18.04633342275434
id_tc14hgelz9,23.265503375008507
id_a574b55rgm,31.39998603922898
id_dz6m95a6g7,12.105366204711919
id_wei7m8hy0n,20.522364730937053
id_hj9g1ena8l,21.880870723935523
id_hxkqt31oj0,20.96841301576009
id_j9xr0ullvp,16.153546233530818
id_dhxexr0nl8,24.10635508976797
id_thyiz3erhs,19.597255178351013
id_vfer04eoj5,26.0485506785375
id_dtjlkdb6na,27.18509583086744
id_wjevf26x7g,20.29057502068012
id_js2e45rmts,18.498995091200104
id_h4sopez1xq,16.318631783168104
id_tli2tt2lre,14.169143969723837
id_nml7r1ihuo,13.672573299952068
id_ny3rzr8dw4,22.356163304252274
id_dgyrdg3c7c,32.668641788532916
id_5xl1ofkel7,19.056398451865643
id_s9z5qdtsok,28.709372449547757
id_wzznck6hr2,30.104367463436446
id_2jrs4cf50t,11.885052006218837
id_zr9i8iyl05,22.196062938091156
id_ywr3489vgm,25.330096096713714
id_40yosi6uqe,22.5478809753735
id_hvj85b4s27,27.38692521926731
id_ve7iodkk5x,14.400077604359337
id_prcsjcgmvr,19.085087384228267
id_urporbfca8,26.547125144566134
id_hnh9veqj44,18.52359121600098
id_66ujv86e23,15.901938709577195
id_op00lvkxjn,19.127878916803297
id_0h1a9dhuum,13.170149125690648
id_ng6gkjkewg,17.104449872978744
id_u3q353kzgc,14.199576763488965
id_ykfovbo3gm,25.588570892936357
id_k2wnuw9gop,17.199761917177497
id_n742fvx1ah,30.071044921584196
id_ecz5hhz0iz,27.59036153037487
id_t3tupepv7y,28.94203184701912
id_touyxi6cd9,25.579686776592837
id_fv0z5li929,19.99197686604847
id_1rbmh121yv,14.415977574588442
id_jxivfqw95m,34.86897214096284
id_c99mmbda9h,36.03948945367555
id_amvzqnr8uh,29.537869192554467
id_vd8i2z3hob,22.122533159909135
id_sq6qs6ygpd,22.44033827860369
id_grfpl7lzzm,41.67358732552965
id_rqzxw5tozc,30.747150721915084
id_74zv2ut2b5,28.40806042828109
id_je1zddxbcz,26.94173724274682
id_p1lsa0r1uy,27.471560848960028
id_466f3sjyaa,28.744402153785757
id_6bji5k248v,40.52079622427341
id_xmf644v3gg,54.768261571455504
id_7ww556yt1z,49.11226959849407
id_1kv2mm53gl,26.5398926606316
id_gogfzwk8d6,26.12439611330443
id_4ijyknjpyw,43.163018235411734
id_51yb1ejvyp,66.43327496888824
id_e8kgwianqu,53.941052581282136
id_01xma9jtcq,58.17452994536359
id_b4c2qvjsq9,43.65014506517438
id_kkxio9kyth,45.7059682191413
id_eo46mly8qt,62.163965338659736
id_x6q1xzuux5,50.72801147065468
id_o9paw0x3kv,69.26086049114116
id_rmptreswq4,58.03657772645269
id_t3b2vd5gaq,53.9721230350872
id_1ccceino2g,34.700274845773286
id_pkszxukfw8,58.5293715954404
id_irjroluzw5,48.5841942678728
id_41oiry183k,33.742974145449026
id_cfcgnt1ghb,42.74657001314906
id_sjd7rg1oll,48.28269183854952
id_364xgx2f9d,49.20088817463534
id_fy2bmhco3s,61.12402687201819
id_axh2ddc911,40.73139372410403
id_29vkc8fnf2,39.53534540158012
id_4ohuy386ux,35.067009186186546
id_ny7vfafssc,40.27052111217118
id_is7lidy1mf,14.804432604862063
id_3gzqnrpvj1,9.710964240421497
id_tgs79jz18s,12.563024531836943
id_1vuxj43b5t,11.57871613976896
id_0li1v5bnou,14.52565402587669
id_2rkm63c28h,18.78065914657727
id_u4ue41ptfe,11.35674286986073
id_hqm9ncx8e0,13.458949611651901
id_nm7ygb4b3l,9.183727784090602
id_jh45q5uczs,12.996687558131766
id_8wae60vl8s,19.22113634905726
id_oew1wkaotf,14.345690041474892
id_2blz0nu3gr,15.066021765158709
id_8561e57ms1,15.3870107001248
id_6l2yazaml7,17.639882922308
id_u8x5imye5i,26.286267264864527
id_3n4fcuig6s,18.476370535938493
id_63yqksu7g8,21.0101887000744
id_vr7oawtyr7,21.73647391928486
id_hucimtkqcs,15.245907440648322
id_en1o2lrl13,29.76598891297788
id_7unrf37lps,18.33051966579045
id_airjz9ye97,18.59320612387032
id_scnvuwxqzg,23.810106917611385
id_e660aintu0,18.489165991198593
id_xp5zllo7bm,27.906951441955634
id_9vmhojq424,20.767500970910238
id_1qhlpx2pcm,20.3492615314533
id_qedyi4kq32,17.98303884457152
id_vyxdm338eq,14.135068708743825
id_g2ct966v3a,16.41283607754616
id_npft5kn5zd,15.468481163342789
id_d9roa39323,20.850073875421312
id_7jxotkoa6i,25.204317753465357
id_io83k3isds,21.19398840118924
id_0phnbrqgvq,20.747216474989006
id_8fhskk4v0o,15.930080765089368
id_jmark42lrd,23.011458898455658
id_4uoyxutrk9,23.148542867505522
id_z3ne71faqd,19.655135696286195
id_3lsi6od9kk,17.128162779790284
id_wnmtya2xe4,20.263764542650485
id_kxpxubm2ks,19.9252602357733
id_jr62xr6pn0,18.379775593839113
id_i1ndfhbqh8,17.73458165893662
id_xbzzfn775f,16.93102703099545
id_2jgxgek3pp,19.577567357288945
id_cz0j93tjn1,20.598357974449733
id_ibjyuosq7h,17.165075560080204
id_qdj44e8qxy,21.144907271498692
id_pr6ybzbo04,15.101442614728123
id_6is3wqphrp,14.985799254599357
id_a19c8qy624,17.55556295324439
id_fccl3r4vhn,20.711586437824536
id_lpadx9ljyn,12.90086730881857
id_yrlxid7w5f,12.276030127980889
id_iyelznc712,29.512928912418964
id_d4zyhlrp7i,12.809547910153206
id_yamlzhxpzl,25.444212867292983
id_69z3k5udxl,24.855093624190705
id_250ilall7a,19.279981037074457
id_5oh31qlbqd,23.894643974593183
id_g0pt3qxex9,25.314735660988223
id_wecofpgirx,17.74812789558073
id_srbbfyzb4y,11.917453367899121
id_9dwlszpc6f,18.50885465112424
id_rx1c8t309y,11.081398494224072
id_ihc33303cp,28.50510606313057
id_efyw9jlc2d,25.839982028434154
id_r4qda17kgf,13.990127933218558
id_ztkiuvq97m,29.462568795413485
id_57vj6lphyj,23.891258793323612
id_1a219llt0x,26.987501999738452
id_7dum8n5jfs,27.535000665851715
id_mprnfw8jby,26.07838055165815
id_4kwyl8vwk1,8.332146779192879
id_hkd5b8lkry,14.075613058653216
id_ugse3zoarv,24.460452582705074
id_2mihn0ik0d,31.132137980856637
id_eq3nj1bw4i,15.34154110939048
id_eztbfv2vvq,21.15274197162567
id_j822qt24o8,26.641092266876104
id_nyc1n6dupk,17.11547391307464
id_5rfy4jo9id,26.810146661280776
id_z30ciw3guv,26.663805098078136
id_cikel8zc0d,25.843900791596234
id_pn6ira1t7j,21.9572833018012
id_etyxjytmkl,35.21865847545965
id_vk4ybuoyry,46.619573828103995
id_qm010ay0yb,36.05023890414202
id_ufglp9d8e6,27.109445501489745
id_vfxihvxog9,15.062221812759068
id_gx87k11mh3,28.90105796227302
id_5yblexf7zp,18.3527855244899
id_c9cycuvetl,41.292553925664826
id_8xu1ardxni,39.45188911759608
id_aumy97t1iu,45.426143201648735
id_cv1dq53hzh,40.27052111217118
